Зеленая миля;https://www.kinoafisha.info/movies/4982409/
Человек-паук: Нет пути домой;https://www.kinoafisha.info/movies/8356586/
1+1;https://www.kinoafisha.info/movies/8133315/
Король Лев;https://www.kinoafisha.info/movies/4620118/
Побег из Шоушенка;https://www.kinoafisha.info/movies/7731571/
Ходячий замок;https://www.kinoafisha.info/movies/329966/
Хатико: самый верный друг;https://www.kinoafisha.info/movies/7719764/
Пираты Карибского моря: Проклятие черной жемчужины;https://www.kinoafisha.info/movies/5371/
FORD против FERRARI;https://www.kinoafisha.info/movies/8354457/
Истребитель демонов: Поезд «Бесконечный»;https://www.kinoafisha.info/movies/8364450/
Как приручить дракона 3;https://www.kinoafisha.info/movies/8168520/
Изгой;https://www.kinoafisha.info/movies/4983627/
Зверопой 2;https://www.kinoafisha.info/movies/8329113/
Аватар;https://www.kinoafisha.info/movies/3430393/
Душа;https://www.kinoafisha.info/movies/8356310/
Молчание ягнят;https://www.kinoafisha.info/movies/3906804/
Аватар: Специальная версия;https://www.kinoafisha.info/movies/8097574/
Начало;https://www.kinoafisha.info/movies/7794008/
Брат;https://www.kinoafisha.info/movies/8098609/
Терминатор 2: судный день;https://www.kinoafisha.info/movies/4089627/
Шан-Чи и легенда десяти колец;https://www.kinoafisha.info/movies/8356369/
Круэлла;https://www.kinoafisha.info/movies/8326542/
Джентльмены;https://www.kinoafisha.info/movies/8356474/
Терминатор 2: Судный день 3D;https://www.kinoafisha.info/movies/8327702/
101 далматинец;https://www.kinoafisha.info/movies/7377347/
Матрица;https://www.kinoafisha.info/movies/3788758/
Форрест Гамп;https://www.kinoafisha.info/movies/4162346/
Зеленая книга;https://www.kinoafisha.info/movies/8355131/
Леон;https://www.kinoafisha.info/movies/3443444/
Властелин Колец: Братство Кольца;https://www.kinoafisha.info/movies/3337323/
Лука;https://www.kinoafisha.info/movies/8361061/
А зори здесь тихие;https://www.kinoafisha.info/movies/7714889/
Богемская рапсодия;https://www.kinoafisha.info/movies/8329800/
Бриллиантовая рука;https://www.kinoafisha.info/movies/5425175/
Черный телефон;https://www.kinoafisha.info/movies/8365473/
Области тьмы;https://www.kinoafisha.info/movies/8073979/
Назад в будущее;https://www.kinoafisha.info/movies/5412787/
Унесенные призраками;https://www.kinoafisha.info/movies/1250373/
Джентльмены удачи;https://www.kinoafisha.info/movies/5435753/
Любовь и голуби;https://www.kinoafisha.info/movies/5920923/
Малефисента: Владычица тьмы;https://www.kinoafisha.info/movies/8326540/
Назад в будущее 3;https://www.kinoafisha.info/movies/5412783/
Пираты Карибского моря: На странных берегах;https://www.kinoafisha.info/movies/7796468/
Титаник;https://www.kinoafisha.info/movies/3577360/
Брат 2;https://www.kinoafisha.info/movies/8125705/
Законопослушный гражданин;https://www.kinoafisha.info/movies/5780637/
Иван Васильевич меняет профессию;https://www.kinoafisha.info/movies/1624187/
Тайна Коко;https://www.kinoafisha.info/movies/8329302/
Ну, погоди!;https://www.kinoafisha.info/movies/7943086/
Холодное сердце 2;https://www.kinoafisha.info/movies/8329619/
Я - легенда;https://www.kinoafisha.info/movies/2070269/
Мстители: Война бесконечности;https://www.kinoafisha.info/movies/8169903/
Пираты Карибского моря: На краю света;https://www.kinoafisha.info/movies/911976/
Твое имя;https://www.kinoafisha.info/movies/8329875/
Титаник 3D;https://www.kinoafisha.info/movies/8119746/
Криминальное чтиво;https://www.kinoafisha.info/movies/4366576/
Достать ножи;https://www.kinoafisha.info/movies/8355336/
Эверест;https://www.kinoafisha.info/movies/8329045/
Гладиатор;https://www.kinoafisha.info/movies/3577687/
Игры разума;https://www.kinoafisha.info/movies/4108153/
Чего хотят женщины;https://www.kinoafisha.info/movies/7420163/
Сумерки;https://www.kinoafisha.info/movies/5165262/
ВАЛЛ-И;https://www.kinoafisha.info/movies/3338978/
Офицеры;https://www.kinoafisha.info/movies/7862549/
Игра;https://www.kinoafisha.info/movies/8099498/
Собачья жизнь 2;https://www.kinoafisha.info/movies/8354806/
В метре друг от друга;https://www.kinoafisha.info/movies/8355072/
Топ Ган: Мэверик;https://www.kinoafisha.info/movies/8178530/
Небо;https://www.kinoafisha.info/movies/8365151/
Главный герой;https://www.kinoafisha.info/movies/8356294/
Властелин Колец: Две крепости;https://www.kinoafisha.info/movies/5227/
Джуманджи;https://www.kinoafisha.info/movies/4273977/
Достучаться до небес;https://www.kinoafisha.info/movies/7275899/
Пассажиры;https://www.kinoafisha.info/movies/8176775/
Храброе сердце;https://www.kinoafisha.info/movies/5413263/
Добро пожаловать, или Посторонним вход воспрещен;https://www.kinoafisha.info/movies/1853092/
Загадочная история Бенджамина Баттона;https://www.kinoafisha.info/movies/3603047/
Привидение;https://www.kinoafisha.info/movies/3677162/
Холодное сердце;https://www.kinoafisha.info/movies/8141185/
Зверополис;https://www.kinoafisha.info/movies/8170146/
Пятый элемент;https://www.kinoafisha.info/movies/3443661/
Король Лев;https://www.kinoafisha.info/movies/8329617/
Анчартед: на картах не значится;https://www.kinoafisha.info/movies/8175949/
Мстители: Финал;https://www.kinoafisha.info/movies/8319689/
Рапунцель: Запутанная История;https://www.kinoafisha.info/movies/8106336/
Хоббит: Нежданное путешествие;https://www.kinoafisha.info/movies/5567540/
Гнев человеческий;https://www.kinoafisha.info/movies/8356609/
Шерлок Холмс;https://www.kinoafisha.info/movies/7583200/
Как приручить дракона;https://www.kinoafisha.info/movies/5636910/
Ее заветное желание;https://www.kinoafisha.info/movies/8364795/
Не время умирать;https://www.kinoafisha.info/movies/8330803/
Гарри Поттер и Дары смерти. Часть вторая;https://www.kinoafisha.info/movies/7667825/
Ледниковый период;https://www.kinoafisha.info/movies/4621953/
Веном;https://www.kinoafisha.info/movies/8329443/
Джанго освобожденный;https://www.kinoafisha.info/movies/8121248/
Адвокат дьявола;https://www.kinoafisha.info/movies/3341280/
Железный человек;https://www.kinoafisha.info/movies/1186688/
Райя и последний дракон;https://www.kinoafisha.info/movies/8356471/
Остров проклятых;https://www.kinoafisha.info/movies/5280353/
Крестный отец;https://www.kinoafisha.info/movies/3974172/
Зов предков;https://www.kinoafisha.info/movies/8353631/
1941. Крылья над Берлином;https://www.kinoafisha.info/movies/8365305/
Троя;https://www.kinoafisha.info/movies/5591/
Шрэк;https://www.kinoafisha.info/movies/5625/
Бойцовский клуб;https://www.kinoafisha.info/movies/3963633/
Кошачьи миры Луиса Уэйна;https://www.kinoafisha.info/movies/8363252/
Служебный роман;https://www.kinoafisha.info/movies/5617111/
День сурка;https://www.kinoafisha.info/movies/5412773/
Холоп;https://www.kinoafisha.info/movies/8330418/
Сумерки. Сага. Новолуние;https://www.kinoafisha.info/movies/7594752/
Пираты Карибского моря: Мертвецы не рассказывают сказки;https://www.kinoafisha.info/movies/8150238/
Кунг-Фу Панда;https://www.kinoafisha.info/movies/2108341/
Хэнкок;https://www.kinoafisha.info/movies/4172734/
Грань будущего;https://www.kinoafisha.info/movies/8134704/
Алита: Боевой ангел;https://www.kinoafisha.info/movies/8329213/
Поймай меня, если сможешь;https://www.kinoafisha.info/movies/5239/
Веном 2;https://www.kinoafisha.info/movies/8356393/
Живая сталь;https://www.kinoafisha.info/movies/7907273/
Место встречи изменить нельзя;https://www.kinoafisha.info/movies/7731595/
Пираты Карибского моря: Сундук мертвеца;https://www.kinoafisha.info/movies/533610/
Красавица и чудовище;https://www.kinoafisha.info/movies/5388337/
Доктор Стрэндж: В мультивселенной безумия;https://www.kinoafisha.info/movies/8355474/
Время;https://www.kinoafisha.info/movies/8096881/
Маленькие женщины;https://www.kinoafisha.info/movies/8355161/
Движение вверх;https://www.kinoafisha.info/movies/8323017/
Полицейский из Беверли-Хиллз 4;https://www.kinoafisha.info/movies/4982362/
Гарри Поттер и Дары смерти. Часть первая;https://www.kinoafisha.info/movies/7667823/
Человек-паук: Вдали от дома;https://www.kinoafisha.info/movies/8353994/
Три богатыря и шамаханская царица;https://www.kinoafisha.info/movies/7627392/
Отец;https://www.kinoafisha.info/movies/8356999/
Принц Персии: Пески времени;https://www.kinoafisha.info/movies/4876565/
РЭД;https://www.kinoafisha.info/movies/7908442/
Жизнь, как она есть;https://www.kinoafisha.info/movies/7918898/
Дневник памяти;https://www.kinoafisha.info/movies/5676/
Скала;https://www.kinoafisha.info/movies/7577402/
Господин Никто;https://www.kinoafisha.info/movies/7756882/
Одиннадцать молчаливых мужчин;https://www.kinoafisha.info/movies/8362201/
Маска;https://www.kinoafisha.info/movies/3659042/
12 стульев;https://www.kinoafisha.info/movies/8328344/
Рататуй;https://www.kinoafisha.info/movies/1102801/
Гарри Поттер и философский камень;https://www.kinoafisha.info/movies/5387519/
Миньоны: Грювитация;https://www.kinoafisha.info/movies/8329114/
Телохранитель киллера;https://www.kinoafisha.info/movies/8326545/
Люди в черном;https://www.kinoafisha.info/movies/5056604/
Тор: Рагнарёк;https://www.kinoafisha.info/movies/8170452/
Гарри Поттер и кубок огня;https://www.kinoafisha.info/movies/419476/
Шерлок Холмс: Игра теней;https://www.kinoafisha.info/movies/8094240/
Константин: повелитель тьмы;https://www.kinoafisha.info/movies/185063/
Дом Gucci;https://www.kinoafisha.info/movies/8364421/
Одна;https://www.kinoafisha.info/movies/8365997/
Легенда №17;https://www.kinoafisha.info/movies/8141660/
Брестская крепость;https://www.kinoafisha.info/movies/7949294/
По соображениям совести;https://www.kinoafisha.info/movies/8325361/
Мистер и миссис Смит;https://www.kinoafisha.info/movies/281977/
Вышка;https://www.kinoafisha.info/movies/8367222/
Логан;https://www.kinoafisha.info/movies/8175756/
Круиз по джунглям;https://www.kinoafisha.info/movies/8354223/
Крепкий орешек;https://www.kinoafisha.info/movies/5038744/
Семь;https://www.kinoafisha.info/movies/3977952/
Притворись моей женой;https://www.kinoafisha.info/movies/8074807/
Престиж;https://www.kinoafisha.info/movies/1068657/
Джон Картер;https://www.kinoafisha.info/movies/8120732/
Ледниковый период 3: Эра динозавров;https://www.kinoafisha.info/movies/4996013/
Сонная лощина;https://www.kinoafisha.info/movies/1068693/
Три кота и море приключений;https://www.kinoafisha.info/movies/8365550/
Иллюзия обмана;https://www.kinoafisha.info/movies/8127812/
Дитя погоды;https://www.kinoafisha.info/movies/8356367/
Чемпион мира;https://www.kinoafisha.info/movies/8356995/
Темный рыцарь;https://www.kinoafisha.info/movies/3229744/
Энканто;https://www.kinoafisha.info/movies/8364896/
Заложница;https://www.kinoafisha.info/movies/4004541/
Чужой;https://www.kinoafisha.info/movies/4722633/
Майкл Джексон: Вот и все;https://www.kinoafisha.info/movies/7784959/
Форсаж 5;https://www.kinoafisha.info/movies/8027051/
Первому игроку приготовиться;https://www.kinoafisha.info/movies/8178835/
Всегда говори "Да";https://www.kinoafisha.info/movies/4273910/
Трансформеры;https://www.kinoafisha.info/movies/1090233/
Властелин Колец: Возвращение Короля;https://www.kinoafisha.info/movies/5475/
Камуфляж и шпионаж;https://www.kinoafisha.info/movies/8328970/
Аладдин;https://www.kinoafisha.info/movies/8329596/
Шрэк 2;https://www.kinoafisha.info/movies/5639/
Мальчишник 2: Из Вегаса в Бангкок;https://www.kinoafisha.info/movies/8089873/
Апокалипсис;https://www.kinoafisha.info/movies/1020519/
Красавица и дракон;https://www.kinoafisha.info/movies/8364797/
Исчезнувшая;https://www.kinoafisha.info/movies/8162259/
Университет монстров;https://www.kinoafisha.info/movies/8133574/
Тайна третьей планеты;https://www.kinoafisha.info/movies/2086732/
Рио;https://www.kinoafisha.info/movies/8115879/
Корпорация Монстров;https://www.kinoafisha.info/movies/75889/
Человек божий;https://www.kinoafisha.info/movies/8364492/
Д'Артаньян и три мушкетёра;https://www.kinoafisha.info/movies/7731575/
Аладдин;https://www.kinoafisha.info/movies/4479302/
Эффект бабочки;https://www.kinoafisha.info/movies/5522/
Одиннадцать друзей Оушена;https://www.kinoafisha.info/movies/3747423/
Гарри Поттер и узник Азкабана;https://www.kinoafisha.info/movies/5598/
До встречи с тобой;https://www.kinoafisha.info/movies/8178415/
От заката до рассвета;https://www.kinoafisha.info/movies/5411584/
Один день;https://www.kinoafisha.info/movies/8085369/
Анастасия;https://www.kinoafisha.info/movies/5640854/
300 спартанцев;https://www.kinoafisha.info/movies/924813/
Мумия;https://www.kinoafisha.info/movies/5372442/
Список Шиндлера;https://www.kinoafisha.info/movies/3725038/
Черный лебедь;https://www.kinoafisha.info/movies/7678205/
Последний Богатырь: Посланник Тьмы;https://www.kinoafisha.info/movies/8355041/
28 панфиловцев;https://www.kinoafisha.info/movies/8154984/
Т-34;https://www.kinoafisha.info/movies/8324941/
Ральф;https://www.kinoafisha.info/movies/8125625/
Сумерки. Сага. Рассвет: Часть 1;https://www.kinoafisha.info/movies/8089580/
Индиана Джонс: В поисках утраченного ковчега;https://www.kinoafisha.info/movies/3488085/
Доктор Стрэндж;https://www.kinoafisha.info/movies/8168491/
Механик;https://www.kinoafisha.info/movies/7808964/
Голая правда;https://www.kinoafisha.info/movies/7457656/
Мадагаскар 2;https://www.kinoafisha.info/movies/2179727/
Люди Икс: Первый класс;https://www.kinoafisha.info/movies/8092465/
Лучшее предложение;https://www.kinoafisha.info/movies/8148232/
Гарри Поттер и Тайная Комната;https://www.kinoafisha.info/movies/5237/
Салют-7;https://www.kinoafisha.info/movies/8322262/
Отступники;https://www.kinoafisha.info/movies/923488/
Предложение;https://www.kinoafisha.info/movies/7283844/
Час пик 2;https://www.kinoafisha.info/movies/6668095/
Вольт;https://www.kinoafisha.info/movies/7588222/
Убойные каникулы;https://www.kinoafisha.info/movies/8097103/
Эквилибриум;https://www.kinoafisha.info/movies/5213/
Васаби;https://www.kinoafisha.info/movies/5582570/
Значит, война;https://www.kinoafisha.info/movies/8101079/
Звезда родилась;https://www.kinoafisha.info/movies/8328972/
Миллионер из трущоб;https://www.kinoafisha.info/movies/5780683/
Смерть на Ниле;https://www.kinoafisha.info/movies/8354277/
Индиана Джонс и последний крестовый Поход;https://www.kinoafisha.info/movies/4746888/
Проза бродячих псов. Фильм;https://www.kinoafisha.info/movies/8354991/
Алеша Попович и Тугарин Змей;https://www.kinoafisha.info/movies/107757/
Лёд 2;https://www.kinoafisha.info/movies/8355575/
Босс-молокосос 2;https://www.kinoafisha.info/movies/8329874/
Собачья жизнь;https://www.kinoafisha.info/movies/8326885/
Хоббит: Битва Пяти Воинств;https://www.kinoafisha.info/movies/7609445/
Вперёд;https://www.kinoafisha.info/movies/8355472/
Люди Икс: Начало. Росомаха;https://www.kinoafisha.info/movies/4808778/
Три метра над уровнем неба;https://www.kinoafisha.info/movies/8121127/
Девчата;https://www.kinoafisha.info/movies/3623363/
Моана;https://www.kinoafisha.info/movies/8162048/
Добрыня Никитич и Змей Горыныч;https://www.kinoafisha.info/movies/611656/
Мстители;https://www.kinoafisha.info/movies/8092771/
Аманат;https://www.kinoafisha.info/movies/8330312/
Ледниковый период 4: Континентальный дрейф;https://www.kinoafisha.info/movies/8092661/
Помни меня;https://www.kinoafisha.info/movies/7737294/
Впритык;https://www.kinoafisha.info/movies/7844927/
Суперсемейка 2;https://www.kinoafisha.info/movies/8323488/
О чем говорят мужчины;https://www.kinoafisha.info/movies/7795867/
Соник в кино;https://www.kinoafisha.info/movies/8354305/
Джуманджи: Новый уровень;https://www.kinoafisha.info/movies/8354200/
Плохие парни навсегда;https://www.kinoafisha.info/movies/8319640/
Стражи Галактики. Часть 2;https://www.kinoafisha.info/movies/8176258/
Ральф против интернета;https://www.kinoafisha.info/movies/8329618/
Я, робот;https://www.kinoafisha.info/movies/5633/
Большой красный пес Клиффорд;https://www.kinoafisha.info/movies/8356337/
Варкрафт;https://www.kinoafisha.info/movies/8158971/
Клаустрофобы;https://www.kinoafisha.info/movies/8355319/
Волк и теленок;https://www.kinoafisha.info/movies/7667680/
Джокер;https://www.kinoafisha.info/movies/8354928/
Человек-паук: Через вселенные;https://www.kinoafisha.info/movies/8353992/
Исходный код;https://www.kinoafisha.info/movies/8099333/
Аквамен;https://www.kinoafisha.info/movies/8171722/
Лицо со шрамом;https://www.kinoafisha.info/movies/4158991/
Крепкий орешек 4.0;https://www.kinoafisha.info/movies/1177771/
Джуманджи: Зов джунглей;https://www.kinoafisha.info/movies/8319638/
Лучшее во мне;https://www.kinoafisha.info/movies/8165591/
Малена;https://www.kinoafisha.info/movies/1079414/
Русалка и дочь короля;https://www.kinoafisha.info/movies/8169119/
Терминатор;https://www.kinoafisha.info/movies/4035680/
Непослушник;https://www.kinoafisha.info/movies/8363268/
Дом странных детей мисс Перегрин;https://www.kinoafisha.info/movies/8157752/
Команда А;https://www.kinoafisha.info/movies/5637676/
Мулан;https://www.kinoafisha.info/movies/251055/
Молот;https://www.kinoafisha.info/movies/8326974/
Ангел А;https://www.kinoafisha.info/movies/611652/
Мадагаскар 3;https://www.kinoafisha.info/movies/8136598/
Заклятие;https://www.kinoafisha.info/movies/8137286/
Час пик;https://www.kinoafisha.info/movies/6660723/
Брюс Всемогущий;https://www.kinoafisha.info/movies/5409/
Три дня на побег;https://www.kinoafisha.info/movies/8084789/
Укрась прощальное утро цветами обещания;https://www.kinoafisha.info/movies/8353932/
После;https://www.kinoafisha.info/movies/8355420/
Реквием по мечте;https://www.kinoafisha.info/movies/330148/
Ледниковый период 2: Глобальное потепление;https://www.kinoafisha.info/movies/556275/
Мотылек;https://www.kinoafisha.info/movies/8353914/
Девушка с татуировкой дракона;https://www.kinoafisha.info/movies/8095404/
Трансформеры: Месть падших;https://www.kinoafisha.info/movies/5072338/
Капернаум;https://www.kinoafisha.info/movies/8354582/
Доктор Сон;https://www.kinoafisha.info/movies/8354825/
Адреналин;https://www.kinoafisha.info/movies/897622/
Доспехи Бога;https://www.kinoafisha.info/movies/6484404/
Огонь;https://www.kinoafisha.info/movies/8354437/
Путь домой;https://www.kinoafisha.info/movies/8355299/
Непрощенный;https://www.kinoafisha.info/movies/8327951/
Хоббит: Пустошь Смауга;https://www.kinoafisha.info/movies/8144241/
Неудержимые;https://www.kinoafisha.info/movies/7673575/
Гонка;https://www.kinoafisha.info/movies/8137329/
The Box;https://www.kinoafisha.info/movies/8364416/
Клаустрофобы 2: Лига выживших;https://www.kinoafisha.info/movies/8355882/
Добро пожаловать в Зомбилэнд;https://www.kinoafisha.info/movies/7745135/
Быстрый и мертвый;https://www.kinoafisha.info/movies/5166733/
Шрэк навсегда;https://www.kinoafisha.info/movies/4981503/
Гадкий я;https://www.kinoafisha.info/movies/8094215/
Рыцарь дня;https://www.kinoafisha.info/movies/7810546/
Железный человек 3;https://www.kinoafisha.info/movies/8133573/
Динозавр;https://www.kinoafisha.info/movies/209567/
Гарри Поттер и Орден Феникса;https://www.kinoafisha.info/movies/1091223/
BTS: Love Yourself Tour in Seoul;https://www.kinoafisha.info/movies/8355477/
Звездные Войны: Эпизод III - Месть ситхов;https://www.kinoafisha.info/movies/221460/
Семейка Крудс;https://www.kinoafisha.info/movies/8125629/
Кунг-Фу Панда 2;https://www.kinoafisha.info/movies/8119257/
Робот по имени Чаппи;https://www.kinoafisha.info/movies/8169962/
Погребенный заживо;https://www.kinoafisha.info/movies/7791518/
Астрал;https://www.kinoafisha.info/movies/8085870/
Крестный отец 2;https://www.kinoafisha.info/movies/4158964/
Вечное сияние чистого разума;https://www.kinoafisha.info/movies/5565/
Величайший шоумен;https://www.kinoafisha.info/movies/8175961/
Стражи Галактики;https://www.kinoafisha.info/movies/8153057/
Фердинанд;https://www.kinoafisha.info/movies/8157754/
Монстры на каникулах 3: Море зовет;https://www.kinoafisha.info/movies/8320440/
Жестокие игры;https://www.kinoafisha.info/movies/3923119/
Невидимый гость;https://www.kinoafisha.info/movies/8354569/
2012;https://www.kinoafisha.info/movies/7283968/
Игры разумов;https://www.kinoafisha.info/movies/8329936/
Семья по-быстрому;https://www.kinoafisha.info/movies/8354071/
Заклятие 3: По воле дьявола;https://www.kinoafisha.info/movies/8356789/
Тайная жизнь домашних животных 2;https://www.kinoafisha.info/movies/8328824/
Своя война: Шторм в пустыне;https://www.kinoafisha.info/movies/8364898/
После. Глава 2;https://www.kinoafisha.info/movies/8356398/
Балерина;https://www.kinoafisha.info/movies/8326120/
Мегамозг;https://www.kinoafisha.info/movies/8102606/
Майор Гром: Чумной Доктор;https://www.kinoafisha.info/movies/8331024/
На крючке;https://www.kinoafisha.info/movies/4589160/
Чужие;https://www.kinoafisha.info/movies/5411374/
Скорость;https://www.kinoafisha.info/movies/5642643/
Гранит;https://www.kinoafisha.info/movies/8366214/
Социальная сеть;https://www.kinoafisha.info/movies/8037395/
Семейка Аддамс: Горящий тур;https://www.kinoafisha.info/movies/8360854/
Район №9;https://www.kinoafisha.info/movies/6660732/
Неадекватные люди;https://www.kinoafisha.info/movies/8098290/
Храбрая сердцем;https://www.kinoafisha.info/movies/8115905/
В погоне за счастьем;https://www.kinoafisha.info/movies/1146310/
Гадкий я 3;https://www.kinoafisha.info/movies/8175982/
100 вещей и ничего лишнего;https://www.kinoafisha.info/movies/8355599/
Небоскреб;https://www.kinoafisha.info/movies/8329434/
Интерстеллар;https://www.kinoafisha.info/movies/5435814/
Чтец;https://www.kinoafisha.info/movies/6143568/
Кот в сапогах;https://www.kinoafisha.info/movies/8093232/
Алиса в Зазеркалье;https://www.kinoafisha.info/movies/8167241/
Адмиралъ;https://www.kinoafisha.info/movies/4219990/
Где ты, Адам?;https://www.kinoafisha.info/movies/8360968/
Зеркала;https://www.kinoafisha.info/movies/5475483/
Пункт назначения;https://www.kinoafisha.info/movies/3712222/
Шоколад;https://www.kinoafisha.info/movies/3341251/
Вайолет Эвергарден. Фильм;https://www.kinoafisha.info/movies/8363166/
Лакричная пицца;https://www.kinoafisha.info/movies/8365427/
Принцесса Мононоке;https://www.kinoafisha.info/movies/4019055/
Поезд в Пусан;https://www.kinoafisha.info/movies/8327355/
Город героев;https://www.kinoafisha.info/movies/8157679/
Семь жизней;https://www.kinoafisha.info/movies/5100402/
Годзилла;https://www.kinoafisha.info/movies/5618368/
Король говорит!;https://www.kinoafisha.info/movies/8099607/
Человек дождя;https://www.kinoafisha.info/movies/4981502/
Апгрейд;https://www.kinoafisha.info/movies/8355159/
Бамблби;https://www.kinoafisha.info/movies/8324309/
Мост в Терабитию;https://www.kinoafisha.info/movies/1090242/
Терминал;https://www.kinoafisha.info/movies/5654/
Дэдпул 2;https://www.kinoafisha.info/movies/8326405/
Меч короля Артура;https://www.kinoafisha.info/movies/8164842/
Бурлеск;https://www.kinoafisha.info/movies/7949408/
Ежик в тумане;https://www.kinoafisha.info/movies/7687159/
Смертельная гонка;https://www.kinoafisha.info/movies/5351462/
Время первых;https://www.kinoafisha.info/movies/8174662/
Железный человек 2;https://www.kinoafisha.info/movies/7124847/
Обещание;https://www.kinoafisha.info/movies/8323082/
Мистер нокаут;https://www.kinoafisha.info/movies/8354931/
Три метра над уровнем неба. Я тебя хочу;https://www.kinoafisha.info/movies/8135207/
Валериан и город тысячи планет;https://www.kinoafisha.info/movies/8320384/
Мир Юрского периода 2;https://www.kinoafisha.info/movies/8322908/
Мальчишник в Вегасе;https://www.kinoafisha.info/movies/7556324/
Ржев;https://www.kinoafisha.info/movies/8356720/
Рэмпейдж;https://www.kinoafisha.info/movies/8329072/
Обливион;https://www.kinoafisha.info/movies/8124708/
За бортом;https://www.kinoafisha.info/movies/8329840/
Каратэ-пацан;https://www.kinoafisha.info/movies/7908412/
Звездная пыль;https://www.kinoafisha.info/movies/1179969/
Рождество на двоих;https://www.kinoafisha.info/movies/8355371/
Дьявол;https://www.kinoafisha.info/movies/8090424/
Воды слонам!;https://www.kinoafisha.info/movies/8051851/
Правдивая ложь;https://www.kinoafisha.info/movies/4094615/
Спирит: Душа прерий;https://www.kinoafisha.info/movies/8107409/
Охотники за привидениями;https://www.kinoafisha.info/movies/3729109/
Пальма;https://www.kinoafisha.info/movies/8356374/
Схватка;https://www.kinoafisha.info/movies/3949589/
Камон Камон;https://www.kinoafisha.info/movies/8356943/
Девятые врата;https://www.kinoafisha.info/movies/3341247/
Турецкий гамбит;https://www.kinoafisha.info/movies/163123/
Лёд;https://www.kinoafisha.info/movies/8324841/
Шугалей 3;https://www.kinoafisha.info/movies/8365281/
Джон Уик 2;https://www.kinoafisha.info/movies/8324301/
Небесный замок Лапута;https://www.kinoafisha.info/movies/3165908/
Дурак;https://www.kinoafisha.info/movies/8165353/
Дело Ричарда Джуэлла;https://www.kinoafisha.info/movies/8356591/
Серебряные коньки;https://www.kinoafisha.info/movies/8355489/
Поворот не туда;https://www.kinoafisha.info/movies/5417/
Обитель проклятых;https://www.kinoafisha.info/movies/8166688/
Восстание планеты обезьян;https://www.kinoafisha.info/movies/8092686/
RRR: Рядом ревёт революция;https://www.kinoafisha.info/movies/8366849/
Ученик чародея;https://www.kinoafisha.info/movies/7750251/
Дюна;https://www.kinoafisha.info/movies/8355204/
Фантастические твари и где они обитают;https://www.kinoafisha.info/movies/8168523/
Соник 2 в кино;https://www.kinoafisha.info/movies/8360947/
Финник;https://www.kinoafisha.info/movies/8365876/
Мы - Миллеры;https://www.kinoafisha.info/movies/8129014/
Сибирский цирюльник;https://www.kinoafisha.info/movies/5927378/
Сумерки. Сага. Рассвет: Часть 2;https://www.kinoafisha.info/movies/8098260/
Посвященный;https://www.kinoafisha.info/movies/8162637/
Джон Уик;https://www.kinoafisha.info/movies/8159364/
Гринч;https://www.kinoafisha.info/movies/8175983/
Город тайн;https://www.kinoafisha.info/movies/8364423/
Пес-самурай и город кошек;https://www.kinoafisha.info/movies/8367137/
Три билборда на границе Эббинга, Миссури;https://www.kinoafisha.info/movies/8330387/
Один дома;https://www.kinoafisha.info/movies/5412785/
Трансформеры 3: Темная сторона Луны;https://www.kinoafisha.info/movies/8086726/
Ван Хельсинг;https://www.kinoafisha.info/movies/5590/
Отель Мумбаи: Противостояние;https://www.kinoafisha.info/movies/8355256/
Патриот;https://www.kinoafisha.info/movies/5377153/
А зори здесь тихие...;https://www.kinoafisha.info/movies/8168461/
Из Парижа с любовью;https://www.kinoafisha.info/movies/7606056/
Ранго;https://www.kinoafisha.info/movies/7907309/
Однажды в Америке;https://www.kinoafisha.info/movies/1079524/
Быстрее пули;https://www.kinoafisha.info/movies/8362138/
9 рота;https://www.kinoafisha.info/movies/351688/
Мег: Монстр глубины;https://www.kinoafisha.info/movies/8326750/
Подольские курсанты;https://www.kinoafisha.info/movies/8353969/
Форсаж 4;https://www.kinoafisha.info/movies/5123119/
Шерлок: Безобразная невеста;https://www.kinoafisha.info/movies/8322027/
Рождественская история;https://www.kinoafisha.info/movies/7836285/
Последний богатырь;https://www.kinoafisha.info/movies/8326460/
Монстры на каникулах;https://www.kinoafisha.info/movies/7789890/
Первый Мститель: Противостояние;https://www.kinoafisha.info/movies/8167264/
Землетрясение;https://www.kinoafisha.info/movies/8320838/
Форсаж: Хоббс и Шоу;https://www.kinoafisha.info/movies/8354592/
Спасти рядового Райана;https://www.kinoafisha.info/movies/3725163/
28 недель спустя;https://www.kinoafisha.info/movies/1300828/
На гребне волны;https://www.kinoafisha.info/movies/5664927/
Тор;https://www.kinoafisha.info/movies/7922077/
Терминатор: да придет спаситель;https://www.kinoafisha.info/movies/4874170/
Красавчик;https://www.kinoafisha.info/movies/5478543/
Пророк;https://www.kinoafisha.info/movies/1300779/
Вспомнить все;https://www.kinoafisha.info/movies/4089322/
Белый снег;https://www.kinoafisha.info/movies/8356929/
Время ведьм;https://www.kinoafisha.info/movies/7593268/
Экипаж;https://www.kinoafisha.info/movies/8165130/
Двойная жизнь Чарли Сан-Клауда;https://www.kinoafisha.info/movies/7949318/
Белый плен;https://www.kinoafisha.info/movies/8107404/
Послезавтра;https://www.kinoafisha.info/movies/5592/
Казино Рояль;https://www.kinoafisha.info/movies/887009/
Каникулы строгого режима;https://www.kinoafisha.info/movies/7589775/
Темный рыцарь: Возрождение легенды;https://www.kinoafisha.info/movies/8094803/
Робин Гуд;https://www.kinoafisha.info/movies/7620456/
Последняя дуэль;https://www.kinoafisha.info/movies/8356831/
Последний самурай;https://www.kinoafisha.info/movies/5506/
Красотка;https://www.kinoafisha.info/movies/3488467/
Пароль "Рыба-меч";https://www.kinoafisha.info/movies/4664673/
Зорро;https://www.kinoafisha.info/movies/5575885/
Lil Peep: Всё для всех;https://www.kinoafisha.info/movies/8356213/
Игра Эндера;https://www.kinoafisha.info/movies/8131735/
Во власти стихии;https://www.kinoafisha.info/movies/8354204/
Василиса;https://www.kinoafisha.info/movies/8167272/
Приключения Паддингтона 2;https://www.kinoafisha.info/movies/8328269/
Одаренная;https://www.kinoafisha.info/movies/8323080/
Полицейский с Рублевки. Новогодний беспредел;https://www.kinoafisha.info/movies/8332708/
Доберман;https://www.kinoafisha.info/movies/5751934/
Безумный Макс: Дорога ярости;https://www.kinoafisha.info/movies/8148179/
Оно приходит ночью;https://www.kinoafisha.info/movies/8329876/
Однажды в Вегасе;https://www.kinoafisha.info/movies/4609221/
Призрак;https://www.kinoafisha.info/movies/7663900/
Человек-муравей и Оса;https://www.kinoafisha.info/movies/8319876/
Плохие парни 2;https://www.kinoafisha.info/movies/5423/
Пипец;https://www.kinoafisha.info/movies/7624001/
Пандорум;https://www.kinoafisha.info/movies/7268931/
История Рыцаря;https://www.kinoafisha.info/movies/6894041/
Выживший;https://www.kinoafisha.info/movies/8166610/
Парфюмер: история одного убийцы;https://www.kinoafisha.info/movies/829730/
Бэтмен: начало;https://www.kinoafisha.info/movies/281979/
Харлей Дэвидсон и ковбой Мальборо;https://www.kinoafisha.info/movies/3586987/
Воровка книг;https://www.kinoafisha.info/movies/8151358/
Отряд самоубийц;https://www.kinoafisha.info/movies/8169867/
Ультиматум Борна;https://www.kinoafisha.info/movies/1179945/
История игрушек: Большой побег;https://www.kinoafisha.info/movies/8090393/
Хранители снов;https://www.kinoafisha.info/movies/8124681/
Паранормальное явление 3;https://www.kinoafisha.info/movies/8107434/
Как приручить дракона 2;https://www.kinoafisha.info/movies/8150290/
Океаны;https://www.kinoafisha.info/movies/7597806/
Банды Нью-Йорка;https://www.kinoafisha.info/movies/5292/
1408;https://www.kinoafisha.info/movies/1300867/
Царство небесное;https://www.kinoafisha.info/movies/243120/
И грянул шторм;https://www.kinoafisha.info/movies/8176003/
Свингеры ;https://www.kinoafisha.info/movies/8364944/
Паранормальное явление 2;https://www.kinoafisha.info/movies/8092152/
Клятва;https://www.kinoafisha.info/movies/8099193/
Стажер;https://www.kinoafisha.info/movies/8163779/
С любовью, Рози;https://www.kinoafisha.info/movies/8164705/
Тор 2: Царство тьмы;https://www.kinoafisha.info/movies/8131764/
Коммандос;https://www.kinoafisha.info/movies/4076503/
Два дня;https://www.kinoafisha.info/movies/8107760/
Илья Муромец и Соловей Разбойник;https://www.kinoafisha.info/movies/1106555/
Кролик Питер;https://www.kinoafisha.info/movies/8330397/
Сайлент Хилл;https://www.kinoafisha.info/movies/669802/
Балканский рубеж;https://www.kinoafisha.info/movies/8327057/
Джейн Остин;https://www.kinoafisha.info/movies/2070027/
Angry Birds 2 в кино;https://www.kinoafisha.info/movies/8329714/
Тачки 3;https://www.kinoafisha.info/movies/8320109/
Форсаж 6;https://www.kinoafisha.info/movies/8124698/
Форсаж 8;https://www.kinoafisha.info/movies/8175978/
Аритмия;https://www.kinoafisha.info/movies/8327377/
Шаг вперед;https://www.kinoafisha.info/movies/1041313/
Навсикая из долины Ветров;https://www.kinoafisha.info/movies/1814170/
Хочу как ты;https://www.kinoafisha.info/movies/8085432/
Заколдованный мальчик;https://www.kinoafisha.info/movies/1855189/
Мгла;https://www.kinoafisha.info/movies/2070260/
Пила 6;https://www.kinoafisha.info/movies/7740273/
Марсианин;https://www.kinoafisha.info/movies/8167674/
Хроники Нарнии: Покоритель зари;https://www.kinoafisha.info/movies/5531503/
Эдвард руки-ножницы;https://www.kinoafisha.info/movies/3338974/
Французский вестник. Приложение к газете «Либерти. Канзас ивнинг сан»;https://www.kinoafisha.info/movies/8355488/
Доспехи Бога 3: миссия Зодиак;https://www.kinoafisha.info/movies/8129732/
Суини Тодд, демон-парикмахер с Флит-стрит;https://www.kinoafisha.info/movies/3319184/
Шоу Трумана;https://www.kinoafisha.info/movies/4977090/
Обитель зла;https://www.kinoafisha.info/movies/5388561/
Меняющие реальность;https://www.kinoafisha.info/movies/8016594/
Взрыв из прошлого;https://www.kinoafisha.info/movies/7673018/
Неудержимые 2;https://www.kinoafisha.info/movies/8119166/
Труп невесты;https://www.kinoafisha.info/movies/419462/
Экипаж;https://www.kinoafisha.info/movies/8137305/
Тихое место 2;https://www.kinoafisha.info/movies/8355187/
Турист;https://www.kinoafisha.info/movies/7907180/
Мавританец;https://www.kinoafisha.info/movies/8362987/
Артист;https://www.kinoafisha.info/movies/8119157/
Поп;https://www.kinoafisha.info/movies/7893891/
Особое мнение;https://www.kinoafisha.info/movies/5223/
Элвин и бурундуки 2;https://www.kinoafisha.info/movies/7234155/
Кто я;https://www.kinoafisha.info/movies/8175519/
Знакомьтесь, Джо Блэк;https://www.kinoafisha.info/movies/3997319/
Кинг Конг;https://www.kinoafisha.info/movies/419471/
Смертельная битва;https://www.kinoafisha.info/movies/8126666/
Дом у озера;https://www.kinoafisha.info/movies/829043/
Армагеддон;https://www.kinoafisha.info/movies/3658951/
Отличница легкого поведения;https://www.kinoafisha.info/movies/8085417/
Артек. Большое путешествие;https://www.kinoafisha.info/movies/8365205/
Рокки;https://www.kinoafisha.info/movies/5388500/
Три богатыря и наследница престола;https://www.kinoafisha.info/movies/8354240/
Ёлки;https://www.kinoafisha.info/movies/8092597/
Неизвестный;https://www.kinoafisha.info/movies/8103233/
Великий уравнитель 2;https://www.kinoafisha.info/movies/8178515/
Мама;https://www.kinoafisha.info/movies/7619855/
Простая просьба;https://www.kinoafisha.info/movies/8354314/
Звездные собаки: Белка и Стрелка;https://www.kinoafisha.info/movies/5631573/
Расплата;https://www.kinoafisha.info/movies/8178414/
Волк с Уолл-стрит;https://www.kinoafisha.info/movies/8137670/
Кома;https://www.kinoafisha.info/movies/8324836/
Американская история Х;https://www.kinoafisha.info/movies/7884372/
Судья;https://www.kinoafisha.info/movies/8163949/
Жена путешественника во времени;https://www.kinoafisha.info/movies/7688435/
Инферно;https://www.kinoafisha.info/movies/8167895/
Усатый нянь;https://www.kinoafisha.info/movies/3995939/
Луна 2112;https://www.kinoafisha.info/movies/7584776/
Чудо на Гудзоне;https://www.kinoafisha.info/movies/8320983/
Пингвины мистера Поппера;https://www.kinoafisha.info/movies/8107765/
Астерикс: Земля Богов;https://www.kinoafisha.info/movies/8165172/
Kingsman: Секретная служба;https://www.kinoafisha.info/movies/8156005/
Люди в черном 3;https://www.kinoafisha.info/movies/8088846/
Джек Ричер;https://www.kinoafisha.info/movies/8123676/
Малыш на драйве;https://www.kinoafisha.info/movies/8319641/
Люди в черном 2;https://www.kinoafisha.info/movies/5236/
Двойной форсаж;https://www.kinoafisha.info/movies/4459883/
Рэмбо: первая кровь;https://www.kinoafisha.info/movies/4720214/
Воспоминания;https://www.kinoafisha.info/movies/8360620/
Крид 2;https://www.kinoafisha.info/movies/8353728/
Конг: Остров черепа;https://www.kinoafisha.info/movies/8171583/
Смешарики. Начало;https://www.kinoafisha.info/movies/8105871/
Черная Пантера;https://www.kinoafisha.info/movies/8178516/
Гадкий я 2;https://www.kinoafisha.info/movies/8120473/
Тепло наших тел;https://www.kinoafisha.info/movies/8127639/
Дом восковых фигур;https://www.kinoafisha.info/movies/336039/
9;https://www.kinoafisha.info/movies/7606750/
Агенты А.Н.К.Л.;https://www.kinoafisha.info/movies/8158491/
Легенды осени;https://www.kinoafisha.info/movies/3977932/
Неуправляемый;https://www.kinoafisha.info/movies/7740295/
Секретарша;https://www.kinoafisha.info/movies/5242/
Капитан Марвел;https://www.kinoafisha.info/movies/8178517/
Хижина в лесу;https://www.kinoafisha.info/movies/7805059/
Великий Гэтсби;https://www.kinoafisha.info/movies/8106332/
Мой сосед Тоторо;https://www.kinoafisha.info/movies/3994142/
Охотники за привидениями: наследники;https://www.kinoafisha.info/movies/8355619/
Легенды ночных стражей;https://www.kinoafisha.info/movies/7667809/
Путешествие 2: Таинственный остров;https://www.kinoafisha.info/movies/8099426/
Легенда;https://www.kinoafisha.info/movies/8175761/
Меня зовут Кхан;https://www.kinoafisha.info/movies/7893905/
Гномео и Джульетта;https://www.kinoafisha.info/movies/8111153/
007: Координаты "Скайфолл";https://www.kinoafisha.info/movies/8114303/
Идеальные незнакомцы;https://www.kinoafisha.info/movies/8328292/
Элвин и бурундуки 3;https://www.kinoafisha.info/movies/8089875/
Поиск;https://www.kinoafisha.info/movies/8354195/
Гарри Поттер и Принц-Полукровка;https://www.kinoafisha.info/movies/4108467/
Коллекционер 2;https://www.kinoafisha.info/movies/8113884/
Эверест;https://www.kinoafisha.info/movies/8163584/
Тренер;https://www.kinoafisha.info/movies/8326912/
Смывайся!;https://www.kinoafisha.info/movies/912153/
Поезд на Юму;https://www.kinoafisha.info/movies/2055836/
Форсаж;https://www.kinoafisha.info/movies/4459836/
Выживут только любовники;https://www.kinoafisha.info/movies/8137803/
План побега;https://www.kinoafisha.info/movies/8136743/
Крупная рыба;https://www.kinoafisha.info/movies/5515/
Иллюзионист;https://www.kinoafisha.info/movies/923496/
Счастье в конверте;https://www.kinoafisha.info/movies/8356384/
Облачный атлас;https://www.kinoafisha.info/movies/8121044/
Сестренка;https://www.kinoafisha.info/movies/8330313/
Один вдох;https://www.kinoafisha.info/movies/8330413/
Бэтмен;https://www.kinoafisha.info/movies/8355224/
Волшебная страна;https://www.kinoafisha.info/movies/139898/
Классный мюзикл: Выпускной;https://www.kinoafisha.info/movies/5618252/
Призрак оперы;https://www.kinoafisha.info/movies/121017/
Фиксики против кработов;https://www.kinoafisha.info/movies/8330445/
Чужой 3;https://www.kinoafisha.info/movies/5811338/
Мой волк;https://www.kinoafisha.info/movies/8362159/
Монте-Карло;https://www.kinoafisha.info/movies/8087925/
Кровавый алмаз;https://www.kinoafisha.info/movies/1091377/
Ниндзя-убийца;https://www.kinoafisha.info/movies/6600354/
Том и Джерри;https://www.kinoafisha.info/movies/8355935/
Любовь в большом городе 2;https://www.kinoafisha.info/movies/7805012/
Бесконечная история;https://www.kinoafisha.info/movies/5641021/
2+1;https://www.kinoafisha.info/movies/8327108/
Ёлки 2;https://www.kinoafisha.info/movies/8112220/
Город грехов;https://www.kinoafisha.info/movies/213754/
Зверопой;https://www.kinoafisha.info/movies/8320679/
М+Ж;https://www.kinoafisha.info/movies/7688431/
Гангстер;https://www.kinoafisha.info/movies/1180035/
Я плюю на ваши могилы;https://www.kinoafisha.info/movies/8090127/
Джейн Эйр;https://www.kinoafisha.info/movies/8042123/
Ветер крепчает;https://www.kinoafisha.info/movies/8162426/
Порок на экспорт;https://www.kinoafisha.info/movies/1469610/
Классный мюзикл;https://www.kinoafisha.info/movies/5715680/
Шевели ластами;https://www.kinoafisha.info/movies/8111391/
Сумерки. Сага. Затмение;https://www.kinoafisha.info/movies/7796610/
Чудаки 3D;https://www.kinoafisha.info/movies/8095571/
Сайлент Хилл 2 3D;https://www.kinoafisha.info/movies/8110530/
Артур и Минипуты;https://www.kinoafisha.info/movies/1129618/
Дом;https://www.kinoafisha.info/movies/8157738/
Судный день;https://www.kinoafisha.info/movies/2121000/
Оно;https://www.kinoafisha.info/movies/8326742/
Отпуск по обмену;https://www.kinoafisha.info/movies/1057777/
Дамбо;https://www.kinoafisha.info/movies/8330492/
Человек-паук: Возвращение домой;https://www.kinoafisha.info/movies/8178242/
Бой с тенью;https://www.kinoafisha.info/movies/184760/
История игрушек 4;https://www.kinoafisha.info/movies/8178514/
Призрак в доспехах;https://www.kinoafisha.info/movies/8176022/
Голодные игры: И вспыхнет пламя;https://www.kinoafisha.info/movies/8134705/
Семейка Аддамс;https://www.kinoafisha.info/movies/8354869/
Книжный клуб;https://www.kinoafisha.info/movies/8354260/
Пункт назначения 5;https://www.kinoafisha.info/movies/8094637/
Летчик;https://www.kinoafisha.info/movies/8354693/
Последняя песня;https://www.kinoafisha.info/movies/7822874/
Выстрел в пустоту;https://www.kinoafisha.info/movies/8329645/
127 часов;https://www.kinoafisha.info/movies/8096889/
Последний богатырь: Корень зла;https://www.kinoafisha.info/movies/8354322/
Красная шапочка;https://www.kinoafisha.info/movies/8089143/
Бойфренд из будущего;https://www.kinoafisha.info/movies/8144311/
Флешбэк;https://www.kinoafisha.info/movies/8364445/
Разбогатей или сдохни;https://www.kinoafisha.info/movies/550207/
Мирай из будущего;https://www.kinoafisha.info/movies/8353551/
Я - Четвертый;https://www.kinoafisha.info/movies/8099986/
Дориан Грей;https://www.kinoafisha.info/movies/6807556/
Старикам тут не место;https://www.kinoafisha.info/movies/3312825/
Форсаж 7;https://www.kinoafisha.info/movies/8155166/
Тачки 2;https://www.kinoafisha.info/movies/8120613/
Плохие парни;https://www.kinoafisha.info/movies/5056430/
Большое путешествие вглубь океанов 3D: Возвращение;https://www.kinoafisha.info/movies/7945897/
Легенда острова Двид;https://www.kinoafisha.info/movies/8011933/
Грех;https://www.kinoafisha.info/movies/8330122/
Другой мир;https://www.kinoafisha.info/movies/5419/
Долгая дорога домой;https://www.kinoafisha.info/movies/8356951/
Невероятный Халк;https://www.kinoafisha.info/movies/2113745/
Секс по дружбе;https://www.kinoafisha.info/movies/8095365/
Опасная игра Слоун;https://www.kinoafisha.info/movies/8323407/
Неисправимый Рон;https://www.kinoafisha.info/movies/8353632/
Статский советник;https://www.kinoafisha.info/movies/221532/
Ангелы и демоны;https://www.kinoafisha.info/movies/3751519/
Сплит;https://www.kinoafisha.info/movies/8320840/
Санктум;https://www.kinoafisha.info/movies/8110282/
Защитник;https://www.kinoafisha.info/movies/8114794/
Анна Каренина;https://www.kinoafisha.info/movies/5622751/
LOL (ржунимагу);https://www.kinoafisha.info/movies/7620424/
Миа и белый лев;https://www.kinoafisha.info/movies/8354720/
Mamma Mia 2;https://www.kinoafisha.info/movies/8329796/
Падение Лондона;https://www.kinoafisha.info/movies/8171232/
Не стучи дважды;https://www.kinoafisha.info/movies/8326902/
Щенячий патруль в кино;https://www.kinoafisha.info/movies/8360675/
Заклятие 2;https://www.kinoafisha.info/movies/8163731/
Облачно, возможны осадки в виде фрикаделек;https://www.kinoafisha.info/movies/7578951/
Фантастические твари: Преступления Грин-де-Вальда;https://www.kinoafisha.info/movies/8171723/
День выборов;https://www.kinoafisha.info/movies/1623823/
Паркер;https://www.kinoafisha.info/movies/8123964/
Кощей. Похититель невест;https://www.kinoafisha.info/movies/8354507/
Кролецып и Хомяк Тьмы;https://www.kinoafisha.info/movies/8365856/
Ледокол;https://www.kinoafisha.info/movies/8175957/
Удивительное путешествие Доктора Дулиттла;https://www.kinoafisha.info/movies/8329511/
Воздушный маршал;https://www.kinoafisha.info/movies/8149004/
Головоломка;https://www.kinoafisha.info/movies/8157671/
Похороните меня за плинтусом;https://www.kinoafisha.info/movies/7745360/
Эскортницы;https://www.kinoafisha.info/movies/8366979/
Сладкий ноябрь;https://www.kinoafisha.info/movies/3341289/
Пять невест;https://www.kinoafisha.info/movies/8107439/
Неуловимые: Последний герой;https://www.kinoafisha.info/movies/8178498/
Тарас Бульба;https://www.kinoafisha.info/movies/1978075/
Мстители: Эра Альтрона;https://www.kinoafisha.info/movies/8142040/
Стиляги;https://www.kinoafisha.info/movies/3609487/
Папе снова 17;https://www.kinoafisha.info/movies/5163966/
Другие;https://www.kinoafisha.info/movies/3625676/
Двадцать одно;https://www.kinoafisha.info/movies/3733240/
Блэйд;https://www.kinoafisha.info/movies/4088614/
Территория;https://www.kinoafisha.info/movies/8169901/
Кошмар перед Рождеством;https://www.kinoafisha.info/movies/3735148/
Убежище;https://www.kinoafisha.info/movies/8014972/
Заложница 2;https://www.kinoafisha.info/movies/8128276/
Миссия невыполнима: Последствия;https://www.kinoafisha.info/movies/8321230/
Дракула;https://www.kinoafisha.info/movies/5413129/
После тебя;https://www.kinoafisha.info/movies/8322889/
Вайолет Эвергарден. Вечность и призрак пера;https://www.kinoafisha.info/movies/8356532/
Омерзительная восьмерка;https://www.kinoafisha.info/movies/8167215/
Великий уравнитель;https://www.kinoafisha.info/movies/8161465/
Марли и я;https://www.kinoafisha.info/movies/4791732/
Ветреная река;https://www.kinoafisha.info/movies/8329283/
Перевозчик 3;https://www.kinoafisha.info/movies/5194928/
Звездный путь;https://www.kinoafisha.info/movies/4443702/
Идентификация Борна;https://www.kinoafisha.info/movies/81992/
Дьявол в деталях;https://www.kinoafisha.info/movies/8356217/
Убить Билла 2;https://www.kinoafisha.info/movies/5603/
Прошлой ночью в Нью-Йорке;https://www.kinoafisha.info/movies/7822873/
Первый встречный;https://www.kinoafisha.info/movies/8364453/
Бегущий в лабиринте: Лекарство от смерти;https://www.kinoafisha.info/movies/8178095/
Тайное окно;https://www.kinoafisha.info/movies/5545/
Стань легендой! Бигфут младший;https://www.kinoafisha.info/movies/8329139/
Расправь крылья;https://www.kinoafisha.info/movies/8356082/
Ночные игры;https://www.kinoafisha.info/movies/8329320/
Боец;https://www.kinoafisha.info/movies/3689686/
Миссия Невыполнима: Протокол Фантом;https://www.kinoafisha.info/movies/8040623/
Без меня;https://www.kinoafisha.info/movies/8331021/
Вверх;https://www.kinoafisha.info/movies/7724199/
Любовь и другие лекарства;https://www.kinoafisha.info/movies/7913724/
Самый пьяный округ в мире;https://www.kinoafisha.info/movies/8131761/
Ван Гог. С любовью, Винсент;https://www.kinoafisha.info/movies/8330014/
Знамение;https://www.kinoafisha.info/movies/6313577/
Бой с тенью 2: Реванш;https://www.kinoafisha.info/movies/1000887/
Альфа;https://www.kinoafisha.info/movies/8329155/
Телепорт;https://www.kinoafisha.info/movies/2112638/
Гран Торино;https://www.kinoafisha.info/movies/7556321/
Путь;https://www.kinoafisha.info/movies/4107557/
Калашников;https://www.kinoafisha.info/movies/8356815/
Фиксики. Большой секрет;https://www.kinoafisha.info/movies/8325276/
Профессионал;https://www.kinoafisha.info/movies/8089837/
Под покровом ночи;https://www.kinoafisha.info/movies/8323078/
Отмель;https://www.kinoafisha.info/movies/8319636/
Великий;https://www.kinoafisha.info/movies/8355804/
Миссия: Невыполнима 3;https://www.kinoafisha.info/movies/556276/
Арахисовый сокол;https://www.kinoafisha.info/movies/8356249/
Короли улиц;https://www.kinoafisha.info/movies/4658026/
Приключения Тинтина: Тайна единорога;https://www.kinoafisha.info/movies/5467128/
Клон;https://www.kinoafisha.info/movies/8365152/
Лунный свет;https://www.kinoafisha.info/movies/8328948/
Знакомство с Факерами 2;https://www.kinoafisha.info/movies/7913481/
Тайна 7 сестер;https://www.kinoafisha.info/movies/8328634/
Затащи меня в ад;https://www.kinoafisha.info/movies/6576364/
Больше чем секс;https://www.kinoafisha.info/movies/8104603/
Артур и месть Урдалака;https://www.kinoafisha.info/movies/4761937/
13;https://www.kinoafisha.info/movies/7683102/
8 подруг Оушена;https://www.kinoafisha.info/movies/8327445/
Падение ангела;https://www.kinoafisha.info/movies/8329932/
Чудо-женщина;https://www.kinoafisha.info/movies/8170893/
Мюнхен: Возмездие;https://www.kinoafisha.info/movies/480848/
Бьютифул;https://www.kinoafisha.info/movies/8090368/
Шазам!;https://www.kinoafisha.info/movies/8176029/
Мэри и ведьмин цветок;https://www.kinoafisha.info/movies/8353826/
Три икса;https://www.kinoafisha.info/movies/5226/
Прости за любовь;https://www.kinoafisha.info/movies/7135799/
Лолита;https://www.kinoafisha.info/movies/7756703/
Иностранец;https://www.kinoafisha.info/movies/8324027/
Астерикс и тайное зелье;https://www.kinoafisha.info/movies/8330455/
Союзники;https://www.kinoafisha.info/movies/8326973/
Гравитация;https://www.kinoafisha.info/movies/8105955/
Рыбка Поньо на утесе;https://www.kinoafisha.info/movies/3441952/
Тайна красной планеты 3D;https://www.kinoafisha.info/movies/8099987/
Глубоководный горизонт;https://www.kinoafisha.info/movies/8176185/
Игра на понижение;https://www.kinoafisha.info/movies/8319680/
Полет навигатора;https://www.kinoafisha.info/movies/921277/
Пассажир;https://www.kinoafisha.info/movies/8329159/
Не дыши;https://www.kinoafisha.info/movies/8178509/
Ограбление на Бейкер-Стрит;https://www.kinoafisha.info/movies/3833295/
Вестсайдская история;https://www.kinoafisha.info/movies/8355279/
Худший человек на свете;https://www.kinoafisha.info/movies/8365442/
Годзилла против Конга;https://www.kinoafisha.info/movies/8326743/
Трио из Бельвилля;https://www.kinoafisha.info/movies/5426/
Любовь с ограничениями;https://www.kinoafisha.info/movies/8322896/
Жизнь в розовом цвете;https://www.kinoafisha.info/movies/1303447/
Простые сложности;https://www.kinoafisha.info/movies/7783529/
Сделка с дьяволом;https://www.kinoafisha.info/movies/925194/
Одинокий мужчина;https://www.kinoafisha.info/movies/7812510/
Норвежский лес;https://www.kinoafisha.info/movies/7960008/
Иван Царевич и Серый Волк 3;https://www.kinoafisha.info/movies/8174833/
Принцесса и лягушка;https://www.kinoafisha.info/movies/4995279/
Лулу и Бриггс;https://www.kinoafisha.info/movies/8364462/
Высоцкий. Спасибо, что живой;https://www.kinoafisha.info/movies/8096007/
Призрачный гонщик;https://www.kinoafisha.info/movies/924403/
Гордость и предубеждение;https://www.kinoafisha.info/movies/422322/
Близнецы;https://www.kinoafisha.info/movies/4089035/
Монстро;https://www.kinoafisha.info/movies/3338982/
Чёрная Вдова;https://www.kinoafisha.info/movies/8355019/
Домовой;https://www.kinoafisha.info/movies/8330126/
Прощай, детка, прощай;https://www.kinoafisha.info/movies/1102815/
Вавилон;https://www.kinoafisha.info/movies/1098677/
Кролик Питер 2;https://www.kinoafisha.info/movies/8354752/
Джой;https://www.kinoafisha.info/movies/8168517/
Матильда;https://www.kinoafisha.info/movies/8168792/
Не брать живым;https://www.kinoafisha.info/movies/7620534/
Ничего хорошего в отеле «Эль Рояль»;https://www.kinoafisha.info/movies/8353771/
Мамма Миа!;https://www.kinoafisha.info/movies/3350919/
Горячие новости;https://www.kinoafisha.info/movies/7573294/
Секретная служба Санта Клауса;https://www.kinoafisha.info/movies/8094801/
Rammstein: Paris!;https://www.kinoafisha.info/movies/8329084/
Иван Царевич и Серый Волк;https://www.kinoafisha.info/movies/5168545/
Экзамен;https://www.kinoafisha.info/movies/7907152/
Молодой человек;https://www.kinoafisha.info/movies/8356740/
Дюнкерк;https://www.kinoafisha.info/movies/8322822/
Легенда о Коловрате;https://www.kinoafisha.info/movies/8319596/
Метро;https://www.kinoafisha.info/movies/8119900/
Мрачные тени;https://www.kinoafisha.info/movies/8114030/
Милый друг;https://www.kinoafisha.info/movies/7726443/
Еще одна из рода Болейн;https://www.kinoafisha.info/movies/3312504/
Голос монстра;https://www.kinoafisha.info/movies/8326020/
Живое;https://www.kinoafisha.info/movies/8326454/
P.S. Я люблю тебя;https://www.kinoafisha.info/movies/2106737/
Очень плохая училка;https://www.kinoafisha.info/movies/8072501/
Кощей. Начало;https://www.kinoafisha.info/movies/8364380/
1917;https://www.kinoafisha.info/movies/8355993/
Ранэвэйс;https://www.kinoafisha.info/movies/7759199/
Синистер 2;https://www.kinoafisha.info/movies/8169118/
Плохие парни;https://www.kinoafisha.info/movies/8357037/
Так себе каникулы;https://www.kinoafisha.info/movies/4172997/
Шесть демонов Эмили Роуз;https://www.kinoafisha.info/movies/422324/
Железная хватка;https://www.kinoafisha.info/movies/8097521/
Сияние;https://www.kinoafisha.info/movies/1004261/
Отпетые мошенницы;https://www.kinoafisha.info/movies/8354312/
Красная жара;https://www.kinoafisha.info/movies/4088991/
Отверженные;https://www.kinoafisha.info/movies/8128983/
И гаснет свет...;https://www.kinoafisha.info/movies/8322817/
Наемник;https://www.kinoafisha.info/movies/8329580/
Рэмбо IV;https://www.kinoafisha.info/movies/1966372/
Наркоз;https://www.kinoafisha.info/movies/3722649/
Три богатыря и принцесса Египта;https://www.kinoafisha.info/movies/8329425/
Сказки на ночь;https://www.kinoafisha.info/movies/3725290/
Вне/себя;https://www.kinoafisha.info/movies/8165631/
Отголоски прошлого;https://www.kinoafisha.info/movies/7595202/
Игра теней;https://www.kinoafisha.info/movies/8365308/
Люди Икс. Последняя битва;https://www.kinoafisha.info/movies/656550/
Дьявол носит Prada;https://www.kinoafisha.info/movies/776568/
Между нами горы;https://www.kinoafisha.info/movies/8174289/
Винчестер. Дом, который построили призраки;https://www.kinoafisha.info/movies/8329418/
Совокупность лжи;https://www.kinoafisha.info/movies/4588736/
Миссия невыполнима: Племя изгоев;https://www.kinoafisha.info/movies/8160864/
Красотка на всю голову;https://www.kinoafisha.info/movies/8354239/
Покемон. Детектив Пикачу;https://www.kinoafisha.info/movies/8353987/
Крутая Джорджия;https://www.kinoafisha.info/movies/1445179/
Союз спасения;https://www.kinoafisha.info/movies/8326665/
Выкрутасы;https://www.kinoafisha.info/movies/7920556/
Транс;https://www.kinoafisha.info/movies/8145858/
Сердцеед;https://www.kinoafisha.info/movies/8029133/
На грани;https://www.kinoafisha.info/movies/8120264/
Охота на воров;https://www.kinoafisha.info/movies/8353881/
Великая стена;https://www.kinoafisha.info/movies/8156920/
Мир Юрского периода: Господство;https://www.kinoafisha.info/movies/8357041/
Перси Джексон и похититель молний;https://www.kinoafisha.info/movies/5998336/
Никто;https://www.kinoafisha.info/movies/8357032/
Лесная братва;https://www.kinoafisha.info/movies/656570/
Шаг вперед 3;https://www.kinoafisha.info/movies/8094830/
Аисты;https://www.kinoafisha.info/movies/8175956/
Нерв;https://www.kinoafisha.info/movies/8176039/
Девятаев;https://www.kinoafisha.info/movies/8357040/
Фокус;https://www.kinoafisha.info/movies/8163766/
Как выйти замуж за миллиардера;https://www.kinoafisha.info/movies/8092414/
Призрачная красота;https://www.kinoafisha.info/movies/8323519/
Между небом и землей;https://www.kinoafisha.info/movies/449211/
Господа офицеры: спасти императора;https://www.kinoafisha.info/movies/3609459/
Бункер;https://www.kinoafisha.info/movies/8140929/
Рок-н-рольщик;https://www.kinoafisha.info/movies/5187515/
Искупление;https://www.kinoafisha.info/movies/1179993/
Бегущий человек;https://www.kinoafisha.info/movies/4088752/
Обитель зла: Последняя глава;https://www.kinoafisha.info/movies/8178213/
Золотой компас;https://www.kinoafisha.info/movies/1523040/
Гоголь. Страшная месть;https://www.kinoafisha.info/movies/8330075/
Мертвец;https://www.kinoafisha.info/movies/330052/
Первый мститель: Другая война;https://www.kinoafisha.info/movies/8140254/
Люди Икс: Апокалипсис;https://www.kinoafisha.info/movies/8165177/
"Старый" новый год;https://www.kinoafisha.info/movies/8036007/
Пекло;https://www.kinoafisha.info/movies/1102827/
Тор: Любовь и гром;https://www.kinoafisha.info/movies/8356368/
Хортон;https://www.kinoafisha.info/movies/1337326/
Джонни Д;https://www.kinoafisha.info/movies/5127610/
Паразиты;https://www.kinoafisha.info/movies/8355519/
Пол: Секретный материальчик;https://www.kinoafisha.info/movies/8094673/
Американский пирог: Все в сборе;https://www.kinoafisha.info/movies/8120668/
Оверлорд;https://www.kinoafisha.info/movies/8329757/
Вам и не снилось;https://www.kinoafisha.info/movies/4665356/
Пирамммида;https://www.kinoafisha.info/movies/7805082/
Наемник;https://www.kinoafisha.info/movies/8364846/
Правила съема: Метод Хитча;https://www.kinoafisha.info/movies/184769/
Другой мир: Пробуждение;https://www.kinoafisha.info/movies/7949413/
Чарли и шоколадная фабрика;https://www.kinoafisha.info/movies/251287/
Оно 2;https://www.kinoafisha.info/movies/8331033/
На пятьдесят оттенков темнее;https://www.kinoafisha.info/movies/8175688/
Босс-молокосос;https://www.kinoafisha.info/movies/8168519/
Страсти Христовы;https://www.kinoafisha.info/movies/5551/
Это всего лишь конец света;https://www.kinoafisha.info/movies/8176333/
Красавица и чудовище;https://www.kinoafisha.info/movies/8174641/
Погоня;https://www.kinoafisha.info/movies/8088437/
Дежа вю;https://www.kinoafisha.info/movies/1020505/
Дом грез;https://www.kinoafisha.info/movies/8040431/
Убийство в Восточном экспрессе;https://www.kinoafisha.info/movies/8322124/
Хроники Нарнии: Принц Каспиан;https://www.kinoafisha.info/movies/3124531/
Мадагаскар;https://www.kinoafisha.info/movies/274879/
Счастливого дня смерти;https://www.kinoafisha.info/movies/8329969/
Нефть;https://www.kinoafisha.info/movies/3124425/
Мне бы в небо;https://www.kinoafisha.info/movies/7789839/
После. Долго и счастливо;https://www.kinoafisha.info/movies/8366198/
Ведьмина служба доставки;https://www.kinoafisha.info/movies/4018598/
Бешеные псы;https://www.kinoafisha.info/movies/274891/
Четвертый вид;https://www.kinoafisha.info/movies/7724108/
Замерзшие;https://www.kinoafisha.info/movies/7816794/
Любой ценой;https://www.kinoafisha.info/movies/8326705/
Тайная жизнь домашних животных;https://www.kinoafisha.info/movies/8175908/
Бесславные ублюдки;https://www.kinoafisha.info/movies/7605543/
Стрелок;https://www.kinoafisha.info/movies/1146316/
Жена смотрителя зоопарка;https://www.kinoafisha.info/movies/8320055/
Грайндхаус;https://www.kinoafisha.info/movies/1211587/
Оно;https://www.kinoafisha.info/movies/8174608/
Шаг вперед 2: улицы;https://www.kinoafisha.info/movies/3393042/
Пила 8;https://www.kinoafisha.info/movies/8329158/
Любовь в большом городе;https://www.kinoafisha.info/movies/7563678/
Подмена;https://www.kinoafisha.info/movies/4256457/
Синистер;https://www.kinoafisha.info/movies/8128376/
Реальная любовь;https://www.kinoafisha.info/movies/5464/
Сатисфакция;https://www.kinoafisha.info/movies/8100326/
Драйв;https://www.kinoafisha.info/movies/7907277/
Бросок Кобры;https://www.kinoafisha.info/movies/5127608/
Лев;https://www.kinoafisha.info/movies/8325490/
Американский психопат;https://www.kinoafisha.info/movies/3808860/
Девушка в поезде;https://www.kinoafisha.info/movies/8323018/
Дело храбрых;https://www.kinoafisha.info/movies/8329156/
Алиса в стране чудес;https://www.kinoafisha.info/movies/5425167/
Хищник;https://www.kinoafisha.info/movies/4077026/
Шпионский мост;https://www.kinoafisha.info/movies/8174703/
День Святого Валентина;https://www.kinoafisha.info/movies/7805051/
Ледяной драйв;https://www.kinoafisha.info/movies/8356937/
Дэдпул;https://www.kinoafisha.info/movies/8133896/
Сезон охоты 3;https://www.kinoafisha.info/movies/8090435/
Душевная кухня;https://www.kinoafisha.info/movies/7821765/
Доброе утро;https://www.kinoafisha.info/movies/7945259/
Эрагон;https://www.kinoafisha.info/movies/1042495/
Красное уведомление;https://www.kinoafisha.info/movies/8354459/
Отель "Гранд Будапешт";https://www.kinoafisha.info/movies/8159309/
Свадебный переполох;https://www.kinoafisha.info/movies/4108601/
Нечто;https://www.kinoafisha.info/movies/8096025/
Детям до 16...;https://www.kinoafisha.info/movies/7796548/
Человек, который изменил все;https://www.kinoafisha.info/movies/7907211/
История дельфина;https://www.kinoafisha.info/movies/8107374/
Город Кошек;https://www.kinoafisha.info/movies/8329143/
Книга Илая;https://www.kinoafisha.info/movies/7662872/
Росомаха: Бессмертный;https://www.kinoafisha.info/movies/8063268/
Мы — монстры;https://www.kinoafisha.info/movies/8329567/
Дети шпионов в 4D;https://www.kinoafisha.info/movies/8086785/
Орел Девятого легиона;https://www.kinoafisha.info/movies/7865760/
Рамона и Бизус;https://www.kinoafisha.info/movies/8022573/
Ученик;https://www.kinoafisha.info/movies/8322892/
Сезон охоты;https://www.kinoafisha.info/movies/944165/
Иллюзионист;https://www.kinoafisha.info/movies/7235864/
Лига справедливости;https://www.kinoafisha.info/movies/8171718/
Одинокий рейнджер;https://www.kinoafisha.info/movies/8042081/
Кожа, в которой я живу;https://www.kinoafisha.info/movies/8107749/
12 обезьян;https://www.kinoafisha.info/movies/921273/
Люди Икс: Дни минувшего будущего;https://www.kinoafisha.info/movies/8139166/
Операция "Валькирия";https://www.kinoafisha.info/movies/3643144/
Третий лишний;https://www.kinoafisha.info/movies/8124672/
Шрэк-третий;https://www.kinoafisha.info/movies/1000871/
Война миров;https://www.kinoafisha.info/movies/292812/
Риддик;https://www.kinoafisha.info/movies/8042471/
99 франков;https://www.kinoafisha.info/movies/3642511/
Телохранитель жены киллера;https://www.kinoafisha.info/movies/8354766/
Смолфут;https://www.kinoafisha.info/movies/8329704/
Путешествие к центру Земли 3D;https://www.kinoafisha.info/movies/4337625/
Особо опасен!;https://www.kinoafisha.info/movies/3577359/
