Итэвон Класс;https://www.kinoafisha.info/series/itaewon-class/
Город на холме;https://www.kinoafisha.info/series/city-on-a-hill/
Черные паруса;https://www.kinoafisha.info/series/black-sails/
Дэдвуд;https://www.kinoafisha.info/series/deadwood/
Симпсоны;https://www.kinoafisha.info/series/the-simpsons/
Аббатство Даунтон;https://www.kinoafisha.info/series/downton-abbey/
Футурама;https://www.kinoafisha.info/series/futurama/
Детство Шелдона;https://www.kinoafisha.info/series/young-sheldon/
Фарго;https://www.kinoafisha.info/series/fargo/
Незнакомка;https://www.kinoafisha.info/series/the-stranger/
Шерлок;https://www.kinoafisha.info/series/sherlock/
Гравити Фолз;https://www.kinoafisha.info/series/gravity-falls/
Декстер;https://www.kinoafisha.info/series/dexter/
Щит;https://www.kinoafisha.info/series/the-shield/
Аватар: Легенда об Аанге;https://www.kinoafisha.info/series/avatar-the-last-airbender/
Доктор Кто;https://www.kinoafisha.info/series/doctor-who-1963/
Как я встретил вашу маму;https://www.kinoafisha.info/series/how-i-met-your-mother/
Клан Сопрано;https://www.kinoafisha.info/series/the-sopranos/
Черное зеркало;https://www.kinoafisha.info/series/black-mirror/
Рим;https://www.kinoafisha.info/series/rome/
911: Одинокая звезда;https://www.kinoafisha.info/series/9-1-1-lone-star/
В поле зрения;https://www.kinoafisha.info/series/person-of-interest/
Лучше звоните Солу;https://www.kinoafisha.info/series/better-call-saul/
Сатана на подработке!;https://www.kinoafisha.info/series/hataraku-maou-sama/
Формула 1. Драйв выживания;https://www.kinoafisha.info/series/formula-1-drive-to-survive/
По долгу службы;https://www.kinoafisha.info/series/line-of-duty/
Полуночная проповедь;https://www.kinoafisha.info/series/the-midnight-gospel/
Доктор Фостер;https://www.kinoafisha.info/series/doctor-foster/
Безрассудно влюбленные;https://www.kinoafisha.info/series/uncontrollably-fond/
Пустая корона;https://www.kinoafisha.info/series/the-hollow-crown/
Сыр в мышеловке;https://www.kinoafisha.info/series/cheese-in-the-trap/
Компьютерщики;https://www.kinoafisha.info/series/the-it-crowd/
Гордость и предубеждение;https://www.kinoafisha.info/series/pride-and-prejudice/
Чикатило;https://www.kinoafisha.info/series/cikatilo/
Пацаны;https://www.kinoafisha.info/series/the-boys/
Острые козырьки;https://www.kinoafisha.info/series/peaky-blinders/
Энн;https://www.kinoafisha.info/series/anne-with-an-e/
Вызовите акушерку;https://www.kinoafisha.info/series/call-the-midwife/
Однажды в сказке;https://www.kinoafisha.info/series/once-upon-a-time/
Убийство на пляже;https://www.kinoafisha.info/series/broadchurch/
Менталист;https://www.kinoafisha.info/series/the-mentalist/
Корона;https://www.kinoafisha.info/series/the-crown/
Арчер;https://www.kinoafisha.info/series/archer/
Граница;https://www.kinoafisha.info/series/frontier/
Хроники Шаннары;https://www.kinoafisha.info/series/the-shannara-chronicles/
Кости;https://www.kinoafisha.info/series/bones/
Фея тяжелой атлетики;https://www.kinoafisha.info/series/weightlifting-fairy-kim-bok-joo/
Романовы;https://www.kinoafisha.info/series/romanovy/
Спартак: Кровь и песок;https://www.kinoafisha.info/series/spartacus/
Спартак: Боги арены;https://www.kinoafisha.info/series/spartacus-gods-of-the-arena/
Светлячок;https://www.kinoafisha.info/series/firefly/
Мандалорец;https://www.kinoafisha.info/series/the-mandalorian/
Я — зомби;https://www.kinoafisha.info/series/izombie/
Оранжевый — хит сезона;https://www.kinoafisha.info/series/orange-is-the-new-black/
Гримм;https://www.kinoafisha.info/series/grimm/
ФБР: Самые разыскиваемые преступники;https://www.kinoafisha.info/series/fbi-most-wanted/
Белая ворона;https://www.kinoafisha.info/series/insecure/
Молодой Морс;https://www.kinoafisha.info/series/endeavour/
Бюро;https://www.kinoafisha.info/series/le-bureau-des-legendes/
Рэй Донован;https://www.kinoafisha.info/series/ray-donovan/
Лютер;https://www.kinoafisha.info/series/luther/
Бывает и хуже;https://www.kinoafisha.info/series/the-middle/
Корейская одиссея;https://www.kinoafisha.info/series/a-korean-odyssey/
Проект Минди;https://www.kinoafisha.info/series/the-mindy-project/
Параллельные миры;https://www.kinoafisha.info/series/w/
Однажды ночью;https://www.kinoafisha.info/series/the-night-of/
Подпольная империя;https://www.kinoafisha.info/series/boardwalk-empire/
Выжившие;https://www.kinoafisha.info/series/survivors/
Клиент всегда мертв;https://www.kinoafisha.info/series/six-feet-under/
Коломбо;https://www.kinoafisha.info/series/columbo/
Сверхъестественное;https://www.kinoafisha.info/series/supernatural/
Озарк;https://www.kinoafisha.info/series/ozark/
Загрузка;https://www.kinoafisha.info/series/upload/
Закон и порядок;https://www.kinoafisha.info/series/law-order/
Юная Лига Справедливости;https://www.kinoafisha.info/series/young-justice/
Атака титанов;https://www.kinoafisha.info/series/attack-on-titan/
Бумажный дом;https://www.kinoafisha.info/series/la-casa-de-papel/
Нетипичный;https://www.kinoafisha.info/series/atypical/
Конь БоДжек;https://www.kinoafisha.info/series/bojack-horseman/
Задержка в развитии;https://www.kinoafisha.info/series/arrested-development/
Радио «Романтика»;https://www.kinoafisha.info/series/radio-romance/
Я не робот;https://www.kinoafisha.info/series/im-not-a-robot/
Оборотень;https://www.kinoafisha.info/series/teen-wolf/
Под прикрытием;https://www.kinoafisha.info/series/gangland-undercover/
Улица потрошителя;https://www.kinoafisha.info/series/ripper-street/
Больница Никербокер;https://www.kinoafisha.info/series/the-knick/
Офис;https://www.kinoafisha.info/series/the-office-us/
Торчвуд;https://www.kinoafisha.info/series/torchwood/
Стальной алхимик: Братство;https://www.kinoafisha.info/series/fullmetal-alchemist-brotherhood/
Тюдоры;https://www.kinoafisha.info/series/the-tudors/
Мертвые до востребования;https://www.kinoafisha.info/series/pushing-daisies/
Ангел;https://www.kinoafisha.info/series/angel/
Хулиганы и ботаны;https://www.kinoafisha.info/series/freaks-and-geeks/
Игра престолов;https://www.kinoafisha.info/series/game-of-thrones/
Расследования Мердока;https://www.kinoafisha.info/series/murdoch-mysteries/
Черный список;https://www.kinoafisha.info/series/the-blacklist/
Вечность;https://www.kinoafisha.info/series/forever/
Клиника;https://www.kinoafisha.info/series/scrubs/
Джек Райан;https://www.kinoafisha.info/series/tom-clancys-jack-ryan/
Как избежать наказания за убийство;https://www.kinoafisha.info/series/how-to-get-away-with-murder/
Внутри девятого номера;https://www.kinoafisha.info/series/inside-no-9/
Удивительная миссис Мейзел;https://www.kinoafisha.info/series/the-marvelous-mrs-maisel/
Американская история преступлений;https://www.kinoafisha.info/series/american-crime-story/
НольНольНоль;https://www.kinoafisha.info/series/zerozerozero/
Джессика Джонс;https://www.kinoafisha.info/series/marvels-jessica-jones/
Дрянь;https://www.kinoafisha.info/series/fleabag/
Каратель;https://www.kinoafisha.info/series/marvels-the-punisher/
Туннель;https://www.kinoafisha.info/series/the-tunnel/
Милые обманщицы;https://www.kinoafisha.info/series/pretty-little-liars/
Побег;https://www.kinoafisha.info/series/prison-break/
Самурай Джек;https://www.kinoafisha.info/series/samurai-jack/
Любовь в лунном свете;https://www.kinoafisha.info/series/moonlight-drawn-by-clouds/
Гудини и Дойл;https://www.kinoafisha.info/series/houdini-doyle/
Последователи;https://www.kinoafisha.info/series/the-following/
Тайны Смолвиля;https://www.kinoafisha.info/series/smallville/
Все ненавидят Криса;https://www.kinoafisha.info/series/everybody-hates-chris/
Зло;https://www.kinoafisha.info/series/evil/
Секс в другом городе: Поколение Q;https://www.kinoafisha.info/series/the-l-word-generation-q/
Видоизмененный углерод;https://www.kinoafisha.info/series/altered-carbon/
Теория большого взрыва;https://www.kinoafisha.info/series/the-big-bang-theory/
Безумцы;https://www.kinoafisha.info/series/mad-men/
Бруклин 9-9;https://www.kinoafisha.info/series/brooklyn-nine-nine/
Звездный путь: Пикар;https://www.kinoafisha.info/series/star-trek-picard/
Гриффины;https://www.kinoafisha.info/series/family-guy/
По волчьим законам;https://www.kinoafisha.info/series/animal-kingdom/
Родина;https://www.kinoafisha.info/series/homeland/
Карточный домик;https://www.kinoafisha.info/series/house-of-cards/
Телохранитель министра;https://www.kinoafisha.info/series/bodyguard/
Ты тоже человек?;https://www.kinoafisha.info/series/are-you-human-too/
Вайолет Эвергарден;https://www.kinoafisha.info/series/violet-evergarden/
Темное дитя;https://www.kinoafisha.info/series/orphan-black/
Прорвёмся;https://www.kinoafisha.info/series/fight-for-my-way/
Оставленные;https://www.kinoafisha.info/series/the-leftovers/
Счастливая долина;https://www.kinoafisha.info/series/happy-valley/
Сообщество;https://www.kinoafisha.info/series/community/
Хилер;https://www.kinoafisha.info/series/healer/
Белый воротничок;https://www.kinoafisha.info/series/white-collar/
По ту сторону изгороди;https://www.kinoafisha.info/series/over-the-garden-wall/
Убийство;https://www.kinoafisha.info/series/the-killing/
Скорая помощь;https://www.kinoafisha.info/series/er/
Сага о Форсайтах;https://www.kinoafisha.info/series/the-forsyte-saga/
Форс-мажоры;https://www.kinoafisha.info/series/suits/
Ведьмак;https://www.kinoafisha.info/series/the-witcher/
Викинги;https://www.kinoafisha.info/series/vikings/
Банды Лондона;https://www.kinoafisha.info/series/gangs-of-london/
Убивая Еву;https://www.kinoafisha.info/series/killing-eve/
Смерть в раю;https://www.kinoafisha.info/series/death-in-paradise/
Необыкновенный плейлист Зои;https://www.kinoafisha.info/series/zoeys-extraordinary-playlist/
Метод;https://www.kinoafisha.info/series/metod/
Постановка;https://www.kinoafisha.info/series/staged/
Рапунцель: Новая история;https://www.kinoafisha.info/series/rapunzels-tangled-adventure/
Карнивал Роу;https://www.kinoafisha.info/series/carnival-row/
Настоящий детектив;https://www.kinoafisha.info/series/true-detective/
Время приключений;https://www.kinoafisha.info/series/adventure-time/
Призрачная башня;https://www.kinoafisha.info/series/the-looming-tower/
Изгоняющий дьявола;https://www.kinoafisha.info/series/the-exorcist/
Отряд Хваран;https://www.kinoafisha.info/series/hwarang/
Мушкетеры;https://www.kinoafisha.info/series/the-musketeers/
В поиске;https://www.kinoafisha.info/series/looking/
Марко Поло;https://www.kinoafisha.info/series/marco-polo/
Красотки в Кливленде;https://www.kinoafisha.info/series/hot-in-cleveland/
Легенда о Корре;https://www.kinoafisha.info/series/the-legend-of-korra/
Роскошная комедия Ноэля Филдинга;https://www.kinoafisha.info/series/noel-fieldings-luxury-comedy/
Оттепель;https://www.kinoafisha.info/series/ottepel/
Звездный крейсер «Галактика»;https://www.kinoafisha.info/series/battlestar-galactica/
Жизнь на Марсе;https://www.kinoafisha.info/series/life-on-mars-2006/
Манифест;https://www.kinoafisha.info/series/manifest/
Нюхач;https://www.kinoafisha.info/series/nuhac/
БИХЭППИ;https://www.kinoafisha.info/series/biheppi/
Годы;https://www.kinoafisha.info/series/years-and-years/
Кухня;https://www.kinoafisha.info/series/kuhna/
Твин Пикс;https://www.kinoafisha.info/series/twin-peaks/
Моб Психо 100;https://www.kinoafisha.info/series/mob-psycho-100/
Чужестранка;https://www.kinoafisha.info/series/outlander/
Семейный брак;https://www.kinoafisha.info/series/state-of-the-union/
Умерь свой энтузиазм;https://www.kinoafisha.info/series/curb-your-enthusiasm/
Доктор Хэрроу;https://www.kinoafisha.info/series/harrow/
Тьма;https://www.kinoafisha.info/series/dark/
Полдарк;https://www.kinoafisha.info/series/poldark/
Путешественники;https://www.kinoafisha.info/series/travelers/
Мост;https://www.kinoafisha.info/series/bron-broen/
МакМафия;https://www.kinoafisha.info/series/mcmafia/
Ад на колесах;https://www.kinoafisha.info/series/hell-on-wheels/
Обитель лжи;https://www.kinoafisha.info/series/house-of-lies/
Касл;https://www.kinoafisha.info/series/castle/
Зов крови;https://www.kinoafisha.info/series/lost-girl/
Плохая судья;https://www.kinoafisha.info/series/bad-judge/
Гудини;https://www.kinoafisha.info/series/houdini/
Записки юного врача;https://www.kinoafisha.info/series/a-young-doctors-notebook/
Грань;https://www.kinoafisha.info/series/fringe/
Реальные пацаны;https://www.kinoafisha.info/series/blue-mountain-state/
Потерянная комната;https://www.kinoafisha.info/series/the-lost-room/
Чип и Дейл спешат на помощь;https://www.kinoafisha.info/series/chip-n-dale-rescue-rangers/
Благие знамения;https://www.kinoafisha.info/series/good-omens/
Уэйн;https://www.kinoafisha.info/series/wayne/
Во все тяжкие;https://www.kinoafisha.info/series/breaking-bad/
Следствие по телу;https://www.kinoafisha.info/series/body-of-proof/
Ходячие мертвецы;https://www.kinoafisha.info/series/the-walking-dead/
Доктор Кто;https://www.kinoafisha.info/series/doctor-who/
Новичок;https://www.kinoafisha.info/series/the-rookie/
Пенниуорт;https://www.kinoafisha.info/series/pennyworth/
Моя геройская академия;https://www.kinoafisha.info/series/boku-no-hero-academia/
Ривердэйл;https://www.kinoafisha.info/series/riverdale/
Это мы;https://www.kinoafisha.info/series/this-is-us/
Девчонки из Дерри;https://www.kinoafisha.info/series/derry-girls/
Робоцып;https://www.kinoafisha.info/series/robot-chicken/
Сексуальное просвещение;https://www.kinoafisha.info/series/sex-education/
Слэшер;https://www.kinoafisha.info/series/slasher/
Мастер не на все руки;https://www.kinoafisha.info/series/master-of-none/
Сотня;https://www.kinoafisha.info/series/the-100/
Агенты «Щ.И.Т.»;https://www.kinoafisha.info/series/marvels-agents-of-shield/
Элементарно;https://www.kinoafisha.info/series/elementary/
Сорвиголова;https://www.kinoafisha.info/series/marvels-daredevil/
Школа 2017;https://www.kinoafisha.info/series/school-2017/
Нарко;https://www.kinoafisha.info/series/narcos/
Две девицы на мели;https://www.kinoafisha.info/series/2-broke-girls/
Табу;https://www.kinoafisha.info/series/taboo/
Легенда синего моря;https://www.kinoafisha.info/series/the-legend-of-the-blue-sea/
Гоблин;https://www.kinoafisha.info/series/goblin/
Крах;https://www.kinoafisha.info/series/the-fall/
Любовницы;https://www.kinoafisha.info/series/mistresses-us/
Агент Картер;https://www.kinoafisha.info/series/marvels-agent-carter/
Лондонский шпион;https://www.kinoafisha.info/series/london-spy/
Бэкстром;https://www.kinoafisha.info/series/backstrom/
Веб-терапия;https://www.kinoafisha.info/series/web-therapy/
Утопия;https://www.kinoafisha.info/series/utopia-2013/
Блудливая Калифорния;https://www.kinoafisha.info/series/californication/
Ясновидец;https://www.kinoafisha.info/series/psych/
Отчаянные домохозяйки;https://www.kinoafisha.info/series/desperate-housewives/
Обмани меня;https://www.kinoafisha.info/series/lie-to-me/
Легенда об искателе;https://www.kinoafisha.info/series/legend-of-the-seeker/
Меня зовут Эрл;https://www.kinoafisha.info/series/my-name-is-earl/
Баффи — истребительница вампиров;https://www.kinoafisha.info/series/buffy-the-vampire-slayer/
Дарья;https://www.kinoafisha.info/series/daria/
Флэш;https://www.kinoafisha.info/series/the-flash/
Леденящие душу приключения Сабрины;https://www.kinoafisha.info/series/chilling-adventures-of-sabrina/
Банши;https://www.kinoafisha.info/series/banshee/
Пожиратель Богов;https://www.kinoafisha.info/series/god-eater/
Паразит: Учение о жизни;https://www.kinoafisha.info/series/kiseijuu/
Дурнушка Бетти;https://www.kinoafisha.info/series/ugly-betty/
Зена — королева воинов;https://www.kinoafisha.info/series/xena-warrior-princess/
Йеллоустоун;https://www.kinoafisha.info/series/yellowstone/
Мертв для меня;https://www.kinoafisha.info/series/dead-to-me/
Хорошая борьба;https://www.kinoafisha.info/series/the-good-fight/
Вавилон-Берлин;https://www.kinoafisha.info/series/babylon-berlin/
Мир дикого запада;https://www.kinoafisha.info/series/westworld/
Анатомия страсти;https://www.kinoafisha.info/series/greys-anatomy/
Титаны;https://www.kinoafisha.info/series/titans/
Последний настоящий мужчина;https://www.kinoafisha.info/series/last-man-standing/
Великолепные Медичи;https://www.kinoafisha.info/series/medici/
Конец ***го мира;https://www.kinoafisha.info/series/the-end-of-the-fing-world/
Ты — воплощение порока;https://www.kinoafisha.info/series/youre-the-worst/
Люк Кейдж;https://www.kinoafisha.info/series/marvels-luke-cage/
Эш против зловещих мертвецов;https://www.kinoafisha.info/series/ash-vs-evil-dead/
В надежде на спасение;https://www.kinoafisha.info/series/saving-hope/
Грешники;https://www.kinoafisha.info/series/vicious/
Мерлин;https://www.kinoafisha.info/series/merlin/
Час;https://www.kinoafisha.info/series/the-hour/
Убить скуку;https://www.kinoafisha.info/series/bored-to-death/
Ты;https://www.kinoafisha.info/series/you/
Древние;https://www.kinoafisha.info/series/the-originals/
Дневники вампира;https://www.kinoafisha.info/series/the-vampire-diaries/
Крайний космос;https://www.kinoafisha.info/series/final-space/
Рагнарёк;https://www.kinoafisha.info/series/ragnarok/
12 обезьян;https://www.kinoafisha.info/series/12-monkeys/
Молодой папа;https://www.kinoafisha.info/series/the-young-pope/
Парад смерти;https://www.kinoafisha.info/series/death-parade/
Крестный отец Гарлема;https://www.kinoafisha.info/series/godfather-of-harlem/
Большой рот;https://www.kinoafisha.info/series/big-mouth/
Хороший доктор;https://www.kinoafisha.info/series/the-good-doctor/
Новый Амстердам;https://www.kinoafisha.info/series/new-amsterdam-2018/
Орвилл;https://www.kinoafisha.info/series/the-orville/
Гранчестер;https://www.kinoafisha.info/series/grantchester/
Последнее королевство;https://www.kinoafisha.info/series/the-last-kingdom/
Космические силы;https://www.kinoafisha.info/series/space-force/
Следом за жизнью;https://www.kinoafisha.info/series/after-life/
Агрессивная Рэцуко;https://www.kinoafisha.info/series/aggretsuko/
С Значит Семья;https://www.kinoafisha.info/series/f-is-for-family/
Пациенты;https://www.kinoafisha.info/series/in-treatment/
Ван Хельсинг;https://www.kinoafisha.info/series/van-helsing/
Хроники Горизонта;https://www.kinoafisha.info/series/log-horizon/
Германия 83/86/89;https://www.kinoafisha.info/series/deutschland/
Амнезия;https://www.kinoafisha.info/series/absentia/
Парки и зоны отдыха;https://www.kinoafisha.info/series/parks-and-recreation/
Королевство;https://www.kinoafisha.info/series/kingdom-2019/
Чужак;https://www.kinoafisha.info/series/the-outsider/
Принц драконов;https://www.kinoafisha.info/series/the-dragon-prince/
Диета из Санта-Клариты;https://www.kinoafisha.info/series/santa-clarita-diet/
Истории Райли;https://www.kinoafisha.info/series/girl-meets-world/
Между;https://www.kinoafisha.info/series/between/
Вместе;https://www.kinoafisha.info/series/togetherness/
Покажите мне героя;https://www.kinoafisha.info/series/show-me-a-hero/
Вызов;https://www.kinoafisha.info/series/defiance/
Реванш;https://www.kinoafisha.info/series/revenge/
Город хищниц;https://www.kinoafisha.info/series/cougar-town/
Палач;https://www.kinoafisha.info/series/palac/
Настоящая кровь;https://www.kinoafisha.info/series/true-blood/
Босс;https://www.kinoafisha.info/series/boss/
Говорящая с призраками;https://www.kinoafisha.info/series/ghost-whisperer/
Ангелы в Америке;https://www.kinoafisha.info/series/angels-in-america/
Триган;https://www.kinoafisha.info/series/trigun/
Американская история ужасов;https://www.kinoafisha.info/series/american-horror-story/
Южный Парк;https://www.kinoafisha.info/series/south-park/
Пространство;https://www.kinoafisha.info/series/the-expanse/
Перри Мейсон;https://www.kinoafisha.info/series/perry-mason/
Штамм;https://www.kinoafisha.info/series/the-strain/
Мыслить как преступник;https://www.kinoafisha.info/series/criminal-minds-2005/
Спецназ;https://www.kinoafisha.info/series/seal-team/
Элита;https://www.kinoafisha.info/series/elite/
Медики Чикаго;https://www.kinoafisha.info/series/chicago-med/
Голяк;https://www.kinoafisha.info/series/brassic/
Лок и ключ;https://www.kinoafisha.info/series/locke-key/
Барри;https://www.kinoafisha.info/series/barry/
Вистинг;https://www.kinoafisha.info/series/wisting/
Пришельцы из прошлого;https://www.kinoafisha.info/series/beforeigners/
Нарко: Мексика;https://www.kinoafisha.info/series/narcos-mexico/
В ночь;https://www.kinoafisha.info/series/into-the-night/
Не пытайтесь это повторить;https://www.kinoafisha.info/series/how-to-sell-drugs-online-fast/
Защищая Джейкоба;https://www.kinoafisha.info/series/defending-jacob/
Американская семейка;https://www.kinoafisha.info/series/modern-family/
Шиттс Крик;https://www.kinoafisha.info/series/schitts-creek/
Дракула;https://www.kinoafisha.info/series/dracula/
Криптон;https://www.kinoafisha.info/series/krypton/
Крик;https://www.kinoafisha.info/series/scream-the-tv-series/
Джеймстаун;https://www.kinoafisha.info/series/jamestown/
Хэппи;https://www.kinoafisha.info/series/happy/
Готэм;https://www.kinoafisha.info/series/gotham/
Академия смерти;https://www.kinoafisha.info/series/deadly-class/
Гостевая книга;https://www.kinoafisha.info/series/the-guest-book/
Стартап;https://www.kinoafisha.info/series/startup/
Хэп и Леонард;https://www.kinoafisha.info/series/hap-and-leonard/
Великий соблазнитель;https://www.kinoafisha.info/series/the-great-seducer/
Девочки;https://www.kinoafisha.info/series/girls/
К-2 Телохранитель;https://www.kinoafisha.info/series/the-k2/
Коварные горничные;https://www.kinoafisha.info/series/devious-maids/
Майк и Молли;https://www.kinoafisha.info/series/mike-molly/
Она была красоткой;https://www.kinoafisha.info/series/she-was-pretty/
Рухнувшие небеса;https://www.kinoafisha.info/series/falling-skies/
На грани;https://www.kinoafisha.info/series/the-brink/
Предчувствие;https://www.kinoafisha.info/series/perception/
Императрица Ки;https://www.kinoafisha.info/series/the-empress-ki/
Вспомни, что будет;https://www.kinoafisha.info/series/flashforward/
Прослушка;https://www.kinoafisha.info/series/the-wire/
Друзья;https://www.kinoafisha.info/series/friends/
Рассказ служанки;https://www.kinoafisha.info/series/the-handmaids-tale/
Блудный сын;https://www.kinoafisha.info/series/prodigal-son/
Жестокий Стамбул;https://www.kinoafisha.info/series/zalim-istanbul/
Голдберги;https://www.kinoafisha.info/series/the-goldbergs/
Я никогда не…;https://www.kinoafisha.info/series/never-have-i-ever/
Моя гениальная подруга;https://www.kinoafisha.info/series/my-brilliant-friend/
Ханна;https://www.kinoafisha.info/series/hanna/
Американские боги;https://www.kinoafisha.info/series/american-gods/
Монашка-воин;https://www.kinoafisha.info/series/warrior-nun/
Светила;https://www.kinoafisha.info/series/the-luminaries/
Мне это не нравится;https://www.kinoafisha.info/series/i-am-not-okay-with-this/
ОА;https://www.kinoafisha.info/series/the-oa/
Правда о деле Гарри Квеберта;https://www.kinoafisha.info/series/the-truth-about-the-harry-quebert-affair/
Охотники на троллей;https://www.kinoafisha.info/series/trollhunters/
Царство;https://www.kinoafisha.info/series/reign/
Вражда;https://www.kinoafisha.info/series/feud/
Корпорация;https://www.kinoafisha.info/series/incorporated/
Типа счастье;https://www.kinoafisha.info/series/happyish/
От «А» до «Я»;https://www.kinoafisha.info/series/a-to-z/
Отбросы;https://www.kinoafisha.info/series/misfits/
Наследие;https://www.kinoafisha.info/series/legacies/
Чикаго в огне;https://www.kinoafisha.info/series/chicago-fire/
Стальная звезда;https://www.kinoafisha.info/series/tin-star/
Лучше, чем люди;https://www.kinoafisha.info/series/lucse-cem-ludi/
Десятое королевство;https://www.kinoafisha.info/series/the-10th-kingdom/
911 служба спасения;https://www.kinoafisha.info/series/9-1-1/
Полиция Чикаго;https://www.kinoafisha.info/series/chicago-pd/
Харли Квинн;https://www.kinoafisha.info/series/harley-quinn/
Майянцы;https://www.kinoafisha.info/series/mayans-mc/
Клинок, рассекающий демонов;https://www.kinoafisha.info/series/demon-slayer-kimetsu-no-yaiba/
Современная любовь;https://www.kinoafisha.info/series/modern-love/
Юная;https://www.kinoafisha.info/series/younger/
Воин;https://www.kinoafisha.info/series/warrior/
Нормальные люди;https://www.kinoafisha.info/series/normal-people/
Проект «Синяя книга»;https://www.kinoafisha.info/series/project-blue-book/
Мистер Мерседес;https://www.kinoafisha.info/series/mr-mercedes/
Отверженные;https://www.kinoafisha.info/series/les-miserables/
Мегрэ;https://www.kinoafisha.info/series/maigret/
Восьмое чувство;https://www.kinoafisha.info/series/sense8/
Сонная Лощина;https://www.kinoafisha.info/series/sleepy-hollow/
Тайны и ложь;https://www.kinoafisha.info/series/secrets-and-lies/
91 день;https://www.kinoafisha.info/series/91-days/
Кризис в шести сценах;https://www.kinoafisha.info/series/crisis-in-six-scenes/
Бриклберри;https://www.kinoafisha.info/series/brickleberry/
Константин;https://www.kinoafisha.info/series/constantine/
Мост;https://www.kinoafisha.info/series/the-bridge/
В ожидании солнца;https://www.kinoafisha.info/series/gunesi-beklerken/
Сплетница;https://www.kinoafisha.info/series/gossip-girl-2007/
Врата Штейна;https://www.kinoafisha.info/series/steins-gate/
Гуррен-Лаганн;https://www.kinoafisha.info/series/tengen-toppa-gurren-lagann/
Альф;https://www.kinoafisha.info/series/alf/
Короче;https://www.kinoafisha.info/series/koroce/
И повсюду тлеют пожары;https://www.kinoafisha.info/series/little-fires-everywhere/
Атланта;https://www.kinoafisha.info/series/atlanta/
Видеть;https://www.kinoafisha.info/series/see/
Ординатор;https://www.kinoafisha.info/series/the-resident/
Коронер;https://www.kinoafisha.info/series/coroner/
Роковой патруль;https://www.kinoafisha.info/series/doom-patrol/
Вайнона Эрп;https://www.kinoafisha.info/series/wynonna-earp/
Городские легенды;https://www.kinoafisha.info/series/urban-myths/
Дорохэдоро;https://www.kinoafisha.info/series/dorohedoro/
Стрела;https://www.kinoafisha.info/series/arrow/
Соболезную вашей утрате;https://www.kinoafisha.info/series/sorry-for-your-loss/
Легион;https://www.kinoafisha.info/series/legion/
Белая принцесса;https://www.kinoafisha.info/series/the-white-princess/
Бывшие;https://www.kinoafisha.info/series/the-exes/
Почти человек;https://www.kinoafisha.info/series/almost-human/
Евангелион;https://www.kinoafisha.info/series/neon-genesis-evangelion/
Легенды завтрашнего дня;https://www.kinoafisha.info/series/dcs-legends-of-tomorrow/
Рик и Морти;https://www.kinoafisha.info/series/rick-and-morty/
Жизни матрешки;https://www.kinoafisha.info/series/russian-doll/
Грешница;https://www.kinoafisha.info/series/the-sinner/
Хорошие девчонки;https://www.kinoafisha.info/series/good-girls/
Босх;https://www.kinoafisha.info/series/bosch/
Мистический квест: Пир ворона;https://www.kinoafisha.info/series/mythic-quest-ravens-banquet/
Черное лето;https://www.kinoafisha.info/series/black-summer/
Бесконечный поезд;https://www.kinoafisha.info/series/infinity-train/
Неортодоксальная;https://www.kinoafisha.info/series/unorthodox/
Мистер Робот;https://www.kinoafisha.info/series/mr-robot/
Чернобыль;https://www.kinoafisha.info/series/chernobyl/
Нация Z;https://www.kinoafisha.info/series/z-nation/
Патриот;https://www.kinoafisha.info/series/patriot/
Спасение;https://www.kinoafisha.info/series/salvation/
Американский вандал;https://www.kinoafisha.info/series/american-vandal/
Скорпион;https://www.kinoafisha.info/series/scorpion/
В розыске;https://www.kinoafisha.info/series/apb/
Водолей;https://www.kinoafisha.info/series/aquarius/
Потомки солнца;https://www.kinoafisha.info/series/descendants-of-the-sun/
Ты, я и конец света;https://www.kinoafisha.info/series/you-me-and-the-apocalypse/
Мыслить как преступник: Поведение подозреваемого;https://www.kinoafisha.info/series/criminal-minds-suspect-behavior/
Тупик;https://www.kinoafisha.info/series/dead-set/
Нана;https://www.kinoafisha.info/series/nana/
Самурай Чамплу;https://www.kinoafisha.info/series/samurai-champloo/
Книжный магазин Блэка;https://www.kinoafisha.info/series/black-books/
Секс в большом городе;https://www.kinoafisha.info/series/sex-and-the-city/
Мистер Бин;https://www.kinoafisha.info/series/mr-bean/
Бесстыжие;https://www.kinoafisha.info/series/shameless-us/
Волшебники;https://www.kinoafisha.info/series/the-magicians/
Охотник за разумом;https://www.kinoafisha.info/series/mindhunter/
Ранняя пташка;https://www.kinoafisha.info/series/erkenci-kus/
Враг внутри;https://www.kinoafisha.info/series/the-enemy-within/
Чем мы заняты в тени;https://www.kinoafisha.info/series/what-we-do-in-the-shadows/
ФБР;https://www.kinoafisha.info/series/fbi/
Булл;https://www.kinoafisha.info/series/bull/
Гранд;https://www.kinoafisha.info/series/grand/
Домой засветло;https://www.kinoafisha.info/series/home-before-dark/
Почему женщины убивают;https://www.kinoafisha.info/series/why-women-kill/
Гений;https://www.kinoafisha.info/series/genius/
Жизнь с самим собой;https://www.kinoafisha.info/series/living-with-yourself/
В поисках Аляски;https://www.kinoafisha.info/series/looking-for-alaska/
Инстинкт;https://www.kinoafisha.info/series/instinct/
Болотная тварь;https://www.kinoafisha.info/series/swamp-thing/
Большая маленькая ложь;https://www.kinoafisha.info/series/big-little-lies/
Последний кандидат;https://www.kinoafisha.info/series/designated-survivor/
Милые обманщицы: Перфекционистки;https://www.kinoafisha.info/series/pretty-little-liars-the-perfectionists/
Железный кулак;https://www.kinoafisha.info/series/marvels-iron-fist/
Американцы;https://www.kinoafisha.info/series/the-americans/
Дикая-дикая страна;https://www.kinoafisha.info/series/wild-wild-country/
Радиоволна;https://www.kinoafisha.info/series/frequency/
Дюрарара!!;https://www.kinoafisha.info/series/durarara/
Сыны анархии;https://www.kinoafisha.info/series/sons-of-anarchy/
Счастливый конец;https://www.kinoafisha.info/series/happy-endings/
Обратная сторона Земли;https://www.kinoafisha.info/series/solar-opposites/
Дикинсон;https://www.kinoafisha.info/series/dickinson/
Бородач;https://www.kinoafisha.info/series/borodac/
Эйфория;https://www.kinoafisha.info/series/euphoria/
Миллион мелочей;https://www.kinoafisha.info/series/a-million-little-things/
Супергерл;https://www.kinoafisha.info/series/supergirl/
Решала;https://www.kinoafisha.info/series/mr-inbetween/
3%;https://www.kinoafisha.info/series/3/
Голливуд;https://www.kinoafisha.info/series/hollywood/
Удивительные истории;https://www.kinoafisha.info/series/amazing-stories/
Охотники;https://www.kinoafisha.info/series/hunters/
Мылодрама;https://www.kinoafisha.info/series/mylodrama/
Дублинские убийства;https://www.kinoafisha.info/series/dublin-murders/
Двойка;https://www.kinoafisha.info/series/the-deuce/
Куртизанки;https://www.kinoafisha.info/series/harlots/
Сладкая горечь;https://www.kinoafisha.info/series/sweetbitter/
Виски Кавалер;https://www.kinoafisha.info/series/whiskey-cavalier/
Фортитьюд;https://www.kinoafisha.info/series/fortitude/
Трагедия в Уэйко;https://www.kinoafisha.info/series/waco/
Мужчина ищет женщину;https://www.kinoafisha.info/series/man-seeking-woman/
Ки и Пил;https://www.kinoafisha.info/series/key-peele/
Ребенок Розмари;https://www.kinoafisha.info/series/rosemarys-baby/
Полицейский с Рублевки;https://www.kinoafisha.info/series/policejskij-s-rublevki/
Патрик Мелроуз;https://www.kinoafisha.info/series/patrick-melrose/
Старгерл;https://www.kinoafisha.info/series/stargirl/
Война миров;https://www.kinoafisha.info/series/war-of-the-worlds/
Восхождение героя щита;https://www.kinoafisha.info/series/the-rising-of-the-shield-hero/
Госпожа Кагуя: В любви как на войне;https://www.kinoafisha.info/series/kaguya-sama-wa-kokurasetai-tensai-tachi-no-renai-zunousen/
Снегопад;https://www.kinoafisha.info/series/snowfall/
Миллиарды;https://www.kinoafisha.info/series/billions/
Когти;https://www.kinoafisha.info/series/claws/
Наследники;https://www.kinoafisha.info/series/succession/
Горячая зона;https://www.kinoafisha.info/series/the-hot-zone/
Голиаф;https://www.kinoafisha.info/series/goliath/
Британия;https://www.kinoafisha.info/series/britannia/
Полиция Парадайз;https://www.kinoafisha.info/series/paradise-pd/
Алиенист;https://www.kinoafisha.info/series/the-alienist/
Последний танец;https://www.kinoafisha.info/series/the-last-dance/
Мессия;https://www.kinoafisha.info/series/messiah/
Уловка-22;https://www.kinoafisha.info/series/catch-22/
Падение ордена;https://www.kinoafisha.info/series/knightfall/
Тик;https://www.kinoafisha.info/series/the-tick/
Лемони Сникет: 33 несчастья;https://www.kinoafisha.info/series/a-series-of-unfortunate-events/
Маленькие женщины;https://www.kinoafisha.info/series/little-women/
Хорошее поведение;https://www.kinoafisha.info/series/good-behavior/
Живу с моделями;https://www.kinoafisha.info/series/i-live-with-models/
Да благословят боги сей расчудесный мир!;https://www.kinoafisha.info/series/kono-subarashii-sekai-ni-shukufuku-o/
Сосны;https://www.kinoafisha.info/series/wayward-pines/
Хемлок Гроув;https://www.kinoafisha.info/series/hemlock-grove/
Череп и кости;https://www.kinoafisha.info/series/crossbones/
Убить или быть убитым;https://www.kinoafisha.info/series/kill-la-kill/
Остаться в живых;https://www.kinoafisha.info/series/lost/
Джентльмен Джек;https://www.kinoafisha.info/series/gentleman-jack/
Сквозь снег;https://www.kinoafisha.info/series/snowpiercer/
Миссис Флетчер;https://www.kinoafisha.info/series/mrs-fletcher/
Частный детектив Магнум;https://www.kinoafisha.info/series/magnum-pi/
Разочарование;https://www.kinoafisha.info/series/disenchantment/
Нэнси Дрю;https://www.kinoafisha.info/series/nancy-drew/
Люцифер;https://www.kinoafisha.info/series/lucifer/
Хильда;https://www.kinoafisha.info/series/hilda/
Тайный орден;https://www.kinoafisha.info/series/the-order/
Человек в высоком замке;https://www.kinoafisha.info/series/the-man-in-the-high-castle/
Любовники;https://www.kinoafisha.info/series/the-affair/
Джетт;https://www.kinoafisha.info/series/jett/
Развод;https://www.kinoafisha.info/series/divorce/
Маньяк;https://www.kinoafisha.info/series/maniac/
Кто есть Америка?;https://www.kinoafisha.info/series/who-is-america/
Новенькая;https://www.kinoafisha.info/series/new-girl/
Последний человек на Земле;https://www.kinoafisha.info/series/the-last-man-on-earth/
Завучи;https://www.kinoafisha.info/series/vice-principals/
Королевство;https://www.kinoafisha.info/series/kingdom-2014/
Во плоти;https://www.kinoafisha.info/series/in-the-flesh/
Мужчины в деле;https://www.kinoafisha.info/series/men-at-work/
Очень странные дела;https://www.kinoafisha.info/series/stranger-things/
Американский папаша;https://www.kinoafisha.info/series/american-dad/
Острые предметы;https://www.kinoafisha.info/series/sharp-objects/
Кровь и сокровища;https://www.kinoafisha.info/series/blood-treasure/
Бойтесь ходячих мертвецов;https://www.kinoafisha.info/series/fear-the-walking-dead/
Алекс Райдер;https://www.kinoafisha.info/series/alex-rider/
У меня на районе;https://www.kinoafisha.info/series/on-my-block/
Дивный новый мир;https://www.kinoafisha.info/series/brave-new-world/
Фрейд;https://www.kinoafisha.info/series/freud/
Силиконовая долина;https://www.kinoafisha.info/series/silicon-valley/
Самый громкий голос;https://www.kinoafisha.info/series/the-loudest-voice/
Для людей;https://www.kinoafisha.info/series/for-the-people/
З: начало всего;https://www.kinoafisha.info/series/z-the-beginning-of-everything/
Ирландцы в Лондоне;https://www.kinoafisha.info/series/london-irish/
Эрго Прокси;https://www.kinoafisha.info/series/ergo-proxy/
Ради всего человечества;https://www.kinoafisha.info/series/for-all-mankind/
Дом с прислугой;https://www.kinoafisha.info/series/servant/
Академия Амбрелла;https://www.kinoafisha.info/series/the-umbrella-academy/
По правде говоря;https://www.kinoafisha.info/series/truth-be-told/
Кармен Сандиего;https://www.kinoafisha.info/series/carmen-sandiego/
Лжец;https://www.kinoafisha.info/series/liar/
Допрос;https://www.kinoafisha.info/series/interrogation/
Бездна;https://www.kinoafisha.info/series/abyss/
МатьОтецСын;https://www.kinoafisha.info/series/motherfatherson/
Люди;https://www.kinoafisha.info/series/humans/
Поцелуй меня первым;https://www.kinoafisha.info/series/kiss-me-first/
Остановись и гори;https://www.kinoafisha.info/series/halt-and-catch-fire/
Герои;https://www.kinoafisha.info/series/heroes/
Детективное агенство "Лунный свет";https://www.kinoafisha.info/series/moonlighting/
Великая;https://www.kinoafisha.info/series/the-great/
Преступник: Великобритания;https://www.kinoafisha.info/series/criminal-uk/
Династия;https://www.kinoafisha.info/series/dynasty/
Во тьме;https://www.kinoafisha.info/series/in-the-dark/
Грейс и Фрэнки;https://www.kinoafisha.info/series/grace-and-frankie/
Все к лучшему;https://www.kinoafisha.info/series/better-things/
Убийство по Фрейду;https://www.kinoafisha.info/series/vienna-blood/
Защитник;https://www.kinoafisha.info/series/the-protector/
Рассказы из Петли;https://www.kinoafisha.info/series/tales-from-the-loop/
Касл-Рок;https://www.kinoafisha.info/series/castle-rock/
Дарреллы;https://www.kinoafisha.info/series/the-durrells/
Имя мне ночь;https://www.kinoafisha.info/series/i-am-the-night/
Неуклюжая;https://www.kinoafisha.info/series/awkward/
Герои: Возрождение;https://www.kinoafisha.info/series/heroes-reborn/
Река;https://www.kinoafisha.info/series/the-river/
Татьянин день;https://www.kinoafisha.info/series/tatanin-den/
Закусочная Боба;https://www.kinoafisha.info/series/bobs-burgers/
Пожарная часть 19;https://www.kinoafisha.info/series/station-19/
Мисс Скарлет и Герцог;https://www.kinoafisha.info/series/miss-scarlet-and-the-duke/
Мой сын — супергерой;https://www.kinoafisha.info/series/raising-dion/
Сближение;https://www.kinoafisha.info/series/bonding/
Дождь;https://www.kinoafisha.info/series/the-rain/
Стамптаун;https://www.kinoafisha.info/series/stumptown/
Мистер Пиклз;https://www.kinoafisha.info/series/mr-pickles/
Цепляясь за лед;https://www.kinoafisha.info/series/spinning-out/
Гранд Отель;https://www.kinoafisha.info/series/grand-hotel/
Предприятие «Божий дар»;https://www.kinoafisha.info/series/perpetual-grace-ltd/
Война и мир;https://www.kinoafisha.info/series/war-peace/
Под куполом;https://www.kinoafisha.info/series/under-the-dome/
С любовью, Виктор;https://www.kinoafisha.info/series/love-victor/
Отмена;https://www.kinoafisha.info/series/undone/
СашаТаня;https://www.kinoafisha.info/series/sasatana/
Кастлвания;https://www.kinoafisha.info/series/castlevania/
Страшные сказки: Город ангелов;https://www.kinoafisha.info/series/penny-dreadful-city-of-angels/
Пиарщица;https://www.kinoafisha.info/series/flack/
Что/если;https://www.kinoafisha.info/series/what-if-2019/
Ганнибал;https://www.kinoafisha.info/series/hannibal/
Соседство;https://www.kinoafisha.info/series/the-neighborhood/
Кобра Кай;https://www.kinoafisha.info/series/cobra-kai/
Приятные хлопоты;https://www.kinoafisha.info/series/good-trouble/
Родина: Форт Салем;https://www.kinoafisha.info/series/motherland-fort-salem/
Родители года;https://www.kinoafisha.info/series/breeders/
Чудотворцы;https://www.kinoafisha.info/series/miracle-workers/
Курс биологии;https://www.kinoafisha.info/series/ap-bio/
Жирным шрифтом;https://www.kinoafisha.info/series/the-bold-type/
Письмо королю;https://www.kinoafisha.info/series/the-letter-for-the-king/
Легкий как перышко;https://www.kinoafisha.info/series/light-as-a-feather/
Вдова;https://www.kinoafisha.info/series/the-widow/
Предания;https://www.kinoafisha.info/series/lore/
А теперь – апокалипсис;https://www.kinoafisha.info/series/now-apocalypse/
11.22.63;https://www.kinoafisha.info/series/112263/
Паранормальный Веллингтон;https://www.kinoafisha.info/series/wellington-paranormal/
Праведные Джемстоуны;https://www.kinoafisha.info/series/the-righteous-gemstones/
Как же хорошо...;https://www.kinoafisha.info/series/feel-good/
Сумеречная зона;https://www.kinoafisha.info/series/the-twilight-zone/
Общество;https://www.kinoafisha.info/series/the-society/
Пекарь и красавица;https://www.kinoafisha.info/series/pekar-i-krasavica/
Гимнастки;https://www.kinoafisha.info/series/make-it-or-break-it/
Повелитель;https://www.kinoafisha.info/series/overlord/
Король тигров: Убийство, хаос и безумие;https://www.kinoafisha.info/series/tiger-king-murder-mayhem-and-madness/
Черная молния;https://www.kinoafisha.info/series/black-lightning/
Выскочка;https://www.kinoafisha.info/series/shrill/
Клятва;https://www.kinoafisha.info/series/the-oath/
Друзья с колледжа;https://www.kinoafisha.info/series/friends-from-college/
Траст;https://www.kinoafisha.info/series/trust/
Измерение 404;https://www.kinoafisha.info/series/dimension-404/
Сумеречные охотники;https://www.kinoafisha.info/series/shadowhunters-the-mortal-instruments/
Дом совы;https://www.kinoafisha.info/series/the-owl-house/
Чи;https://www.kinoafisha.info/series/the-chi/
Иная жизнь;https://www.kinoafisha.info/series/another-life/
Вампирские войны;https://www.kinoafisha.info/series/v-wars/
Остров;https://www.kinoafisha.info/series/ostrov/
Розуэлл, Нью-Мексико;https://www.kinoafisha.info/series/roswell-new-mexico/
Затерянные в космосе;https://www.kinoafisha.info/series/lost-in-space/
Проще простого;https://www.kinoafisha.info/series/easy/
Повзрослевшие;https://www.kinoafisha.info/series/grown-ish/
Дунканвилль;https://www.kinoafisha.info/series/duncanville/
Аванпост;https://www.kinoafisha.info/series/the-outpost/
Черный понедельник;https://www.kinoafisha.info/series/black-monday/
Грязный Джон;https://www.kinoafisha.info/series/dirty-john/
Шучу;https://www.kinoafisha.info/series/kidding/
Ненасытная;https://www.kinoafisha.info/series/insatiable/
Черно-белая любовь;https://www.kinoafisha.info/series/siyah-beyaz-ask/
Авеню 5;https://www.kinoafisha.info/series/avenue-5/
Боишься ли ты темноты?;https://www.kinoafisha.info/series/are-you-afraid-of-the-dark/
Уважаемые белые люди;https://www.kinoafisha.info/series/dear-white-people/
Воровки;https://www.kinoafisha.info/series/trinkets/
Притворство;https://www.kinoafisha.info/series/the-act/
Сверхлюди;https://www.kinoafisha.info/series/marvels-inhumans/
Бэтвумен;https://www.kinoafisha.info/series/batwoman/
Фитнес;https://www.kinoafisha.info/series/fitnes/
Жуки;https://www.kinoafisha.info/series/zuki/
Отмена действия;https://www.kinoafisha.info/series/control-z/
Зачарованные;https://www.kinoafisha.info/series/charmed-2018/
Скрестив мечи;https://www.kinoafisha.info/series/crossing-swords/
Драконы и всадники Олуха;https://www.kinoafisha.info/series/dreamworks-dragons/
Послания из другого мира;https://www.kinoafisha.info/series/dispatches-from-elsewhere/
Судная ночь;https://www.kinoafisha.info/series/the-purge/
С прицепом;https://www.kinoafisha.info/series/smilf/
Калейдоскоп ужасов;https://www.kinoafisha.info/series/creepshow/
Призраки дома на холме;https://www.kinoafisha.info/series/the-haunting-of-hill-house/
Звездный путь: Дискавери;https://www.kinoafisha.info/series/star-trek-discovery/
Кайфтаун;https://www.kinoafisha.info/series/hightown/
Кондор;https://www.kinoafisha.info/series/condor/
Беги;https://www.kinoafisha.info/series/run/
Здесь и сейчас;https://www.kinoafisha.info/series/here-and-now/
Мотель Бейтса;https://www.kinoafisha.info/series/bates-motel/
Разведка;https://www.kinoafisha.info/series/intelligence-2020/
Куколка;https://www.kinoafisha.info/series/dollface/
Преступление;https://www.kinoafisha.info/series/prestuplenie/
Тука и Берти;https://www.kinoafisha.info/series/tuca-bertie/
Комната 104;https://www.kinoafisha.info/series/room-104/
Рами;https://www.kinoafisha.info/series/ramy/
